0,0|||10	29.386812
0,0|||11	29.377785
0,0|||12	29.364785
0,0|||13	25.887510
0,0|||14	29.306888
0,0|||2	28.068135
0,0|||3	28.757889
0,0|||4	25.145346
0,0|||5	28.756444
0,0|||6	28.755124
0,0|||7	28.065748
0,0|||8	29.392166
0,0|||9	29.390789
0,10|||0	12.556237
0,10|||10	17.040890
0,10|||11	17.917376
0,10|||12	17.813919
0,10|||13	14.733578
0,10|||14	17.308324
0,10|||2	17.119615
0,10|||3	17.719150
0,10|||4	15.537703
0,10|||5	17.719149
0,10|||6	17.719149
0,10|||7	17.119615
0,10|||8	17.964837
0,10|||9	17.964837
0,11|||0	12.666226
0,11|||10	18.126708
0,11|||11	17.129349
0,11|||12	17.945420
0,11|||13	14.955422
0,11|||14	17.443310
0,11|||2	17.264601
0,11|||3	17.913172
0,11|||4	15.626060
0,11|||5	17.913173
0,11|||6	17.913173
0,11|||7	17.264601
0,11|||8	18.126708
0,11|||9	18.126708
0,12|||0	15.151062
0,12|||10	20.522505
0,12|||11	20.522505
0,12|||12	19.366443
0,12|||13	17.720948
0,12|||14	19.852586
0,12|||2	19.613508
0,12|||3	20.271293
0,12|||4	17.926890
0,12|||5	20.271295
0,12|||6	20.271295
0,12|||7	19.613508
0,12|||8	20.522505
0,12|||9	20.522505
0,13|||0	18.598268
0,13|||10	22.118721
0,13|||11	22.118564
0,13|||12	22.114499
0,13|||13	21.472698
0,13|||14	21.656029
0,13|||2	21.594717
0,13|||3	21.179675
0,13|||4	20.852014
0,13|||5	21.179675
0,13|||6	21.179675
0,13|||7	21.594717
0,13|||8	22.118672
0,13|||9	22.118706
0,14|||0	16.455903
0,14|||10	21.783366
0,14|||11	21.789084
0,14|||12	21.783319
0,14|||13	20.395119
0,14|||14	21.949049
0,14|||2	20.939931
0,14|||3	21.760946
0,14|||4	18.794468
0,14|||5	21.760946
0,14|||6	21.759530
0,14|||7	20.939039
0,14|||8	21.775907
0,14|||9	21.780484
0,2|||0	10.532788
0,2|||10	15.187763
0,2|||11	15.176066
0,2|||12	15.041476
0,2|||13	12.596943
0,2|||14	14.538537
0,2|||2	14.012430
0,2|||3	14.808466
0,2|||4	13.434655
0,2|||5	14.808466
0,2|||6	14.806196
0,2|||7	14.320288
0,2|||8	15.203512
0,2|||9	15.196801
0,3|||0	10.531246
0,3|||10	15.588191
0,3|||11	15.577909
0,3|||12	15.462424
0,3|||13	12.829871
0,3|||14	14.842745
0,3|||2	14.854607
0,3|||3	14.513270
0,3|||4	13.363291
0,3|||5	15.320002
0,3|||6	15.317950
0,3|||7	14.849463
0,3|||8	15.601915
0,3|||9	15.596097
0,4|||0	9.166558
0,4|||10	13.676711
0,4|||11	13.664469
0,4|||12	13.517355
0,4|||13	11.458901
0,4|||14	13.068945
0,4|||2	13.216474
0,4|||3	13.083918
0,4|||4	11.579028
0,4|||5	13.083918
0,4|||6	13.081598
0,4|||7	13.210700
0,4|||8	13.693320
0,4|||9	13.686219
0,5|||0	10.576679
0,5|||10	15.676177
0,5|||11	15.665806
0,5|||12	15.550007
0,5|||13	12.880971
0,5|||14	14.933859
0,5|||2	14.934282
0,5|||3	15.412687
0,5|||4	13.429409
0,5|||5	14.566963
0,5|||6	15.410459
0,5|||7	14.929189
0,5|||8	15.690034
0,5|||9	15.684158
0,6|||0	10.709989
0,6|||10	15.849784
0,6|||11	15.839345
0,6|||12	15.724815
0,6|||13	13.051729
0,6|||14	15.094267
0,6|||2	15.089681
0,6|||3	15.585307
0,6|||4	13.569232
0,6|||5	15.585307
0,6|||6	14.708041
0,6|||7	15.086701
0,6|||8	15.863722
0,6|||9	15.857812
0,7|||0	10.841408
0,7|||10	15.612475
0,7|||11	15.601133
0,7|||12	15.472561
0,7|||13	12.951355
0,7|||14	14.942622
0,7|||2	14.702254
0,7|||3	15.235542
0,7|||4	13.784080
0,7|||5	15.235542
0,7|||6	15.235542
0,7|||7	14.336432
0,7|||8	15.627683
0,7|||9	15.621229
0,8|||0	12.213238
0,8|||10	17.505127
0,8|||11	17.495077
0,8|||12	17.383664
0,8|||13	14.272375
0,8|||14	16.883218
0,8|||2	16.705906
0,8|||3	17.262148
0,8|||4	15.193978
0,8|||5	17.262148
0,8|||6	17.262148
0,8|||7	16.705906
0,8|||8	16.694148
0,8|||9	17.512831
0,9|||0	12.393368
0,9|||10	17.728140
0,9|||11	17.718413
0,9|||12	17.610340
0,9|||13	14.498293
0,9|||14	17.106296
0,9|||2	16.919678
0,9|||3	17.496123
0,9|||4	15.377560
0,9|||5	17.496123
0,9|||6	17.496123
0,9|||7	16.919678
0,9|||8	17.749849
0,9|||9	16.879800
0|0||10	25.603532
0|0||11	25.561157
0|0||12	25.261254
0|0||13	25.378986
0|0||14	25.050394
0|0||2	24.323635
0|0||3	25.513235
0|0||4	21.031268
0|0||5	25.512106
0|0||6	25.511483
0|0||7	24.311833
0|0||8	25.651461
0|0||9	25.632962
0|10||0	13.513160
0|10||10	17.977377
0|10||11	18.534500
0|10||12	18.223381
0|10||13	16.390787
0|10||14	17.600009
0|10||2	17.807354
0|10||3	18.280915
0|10||4	16.353968
0|10||5	18.280277
0|10||6	18.278723
0|10||7	17.802132
0|10||8	18.583227
0|10||9	18.575688
0|11||0	13.513226
0|11||10	18.541695
0|11||11	17.961729
0|11||12	18.214926
0|11||13	16.387729
0|11||14	17.598034
0|11||2	17.799804
0|11||3	18.269371
0|11||4	16.351915
0|11||5	18.268738
0|11||6	18.267207
0|11||7	17.794765
0|11||8	18.575191
0|11||9	18.569184
0|12||0	12.930257
0|12||10	17.948667
0|12||11	17.901649
0|12||12	17.096881
0|12||13	15.588688
0|12||14	17.048147
0|12||2	17.237388
0|12||3	17.659342
0|12||4	15.884692
0|12||5	17.658808
0|12||6	17.657419
0|12||7	17.233134
0|12||8	17.985445
0|12||9	17.975213
0|13||0	23.989705
0|13||10	32.469793
0|13||11	32.416538
0|13||12	32.132871
0|13||13	32.788428
0|13||14	32.096013
0|13||2	30.618259
0|13||3	32.788699
0|13||4	27.047353
0|13||5	32.783237
0|13||6	32.780276
0|13||7	30.598166
0|13||8	32.534075
0|13||9	32.506836
0|14||0	12.185906
0|14||10	16.974249
0|14||11	16.933636
0|14||12	16.562750
0|14||13	14.351961
0|14||14	15.928072
0|14||2	16.332403
0|14||3	16.520360
0|14||4	15.125010
0|14||5	16.519719
0|14||6	16.518290
0|14||7	16.327636
0|14||8	17.003585
0|14||9	16.996851
0|2||0	12.379844
0|2||10	17.195043
0|2||11	17.168068
0|2||12	16.827989
0|2||13	15.038281
0|2||14	16.377764
0|2||2	15.909674
0|2||3	16.811794
0|2||4	15.361823
0|2||5	16.811222
0|2||6	16.809938
0|2||7	16.326216
0|2||8	17.213853
0|2||9	17.207489
0|3||0	12.324689
0|3||10	17.496512
0|3||11	17.468820
0|3||12	17.134265
0|3||13	15.127482
0|3||14	16.631274
0|3||2	16.693746
0|3||3	16.506655
0|3||4	15.086404
0|3||5	17.202942
0|3||6	17.201681
0|3||7	16.688948
0|3||8	17.517936
0|3||9	17.510660
0|4||0	10.829641
0|4||10	15.568154
0|4||11	15.544355
0|4||12	15.210296
0|4||13	13.494399
0|4||14	14.891183
0|4||2	15.081673
0|4||3	14.933942
0|4||4	13.146598
0|4||5	14.933447
0|4||6	14.932216
0|4||7	15.077442
0|4||8	15.588391
0|4||9	15.581518
0|5||0	12.324232
0|5||10	17.495775
0|5||11	17.468019
0|5||12	17.133630
0|5||13	15.127007
0|5||14	16.630624
0|5||2	16.693140
0|5||3	17.202913
0|5||4	15.085890
0|5||5	16.505623
0|5||6	17.200992
0|5||7	16.688363
0|5||8	17.517274
0|5||9	17.509977
0|6||0	12.321457
0|6||10	17.492618
0|6||11	17.464558
0|6||12	17.130723
0|6||13	15.123314
0|6||14	16.628167
0|6||2	16.690493
0|6||3	17.200270
0|6||4	15.083706
0|6||5	17.199597
0|6||6	16.501915
0|6||7	16.685587
0|6||8	17.514515
0|6||9	17.507065
0|7||0	12.373113
0|7||10	17.186392
0|7||11	17.158604
0|7||12	16.819568
0|7||13	15.030495
0|7||14	16.370783
0|7||2	16.323673
0|7||3	16.803883
0|7||4	15.355949
0|7||5	16.803285
0|7||6	16.801634
0|7||7	15.900119
0|7||8	17.205685
0|7||9	17.199251
0|8||0	13.526677
0|8||10	18.583664
0|8||11	18.554579
0|8||12	18.252950
0|8||13	16.412417
0|8||14	17.623994
0|8||2	17.825831
0|8||3	18.303625
0|8||4	16.369391
0|8||5	18.303004
0|8||6	18.301544
0|8||7	17.820355
0|8||8	18.011919
0|8||9	18.597811
0|9||0	13.519619
0|9||10	18.575839
0|9||11	18.546297
0|9||12	18.242340
0|9||13	16.402111
0|9||14	17.613277
0|9||2	17.817995
0|9||3	18.295047
0|9||4	16.362706
0|9||5	18.294432
0|9||6	18.292969
0|9||7	17.812757
0|9||8	18.595042
0|9||9	17.998525
0||0|10	33.329973
0||0|11	33.313201
0||0|12	32.769356
0||0|13	29.560645
0||0|14	31.445607
0||0|2	33.060950
0||0|3	33.535559
0||0|4	33.058551
0||0|5	33.534578
0||0|6	33.532855
0||0|7	33.051565
0||0|8	33.353701
0||0|9	33.344441
0||10|0	-9.000000
0||10|10	-8.962285
0||10|11	-8.961431
0||10|12	-8.961431
0||10|13	-9.000000
0||10|14	-8.961761
0||10|2	-8.961340
0||10|3	-8.962044
0||10|4	-8.961337
0||10|5	-8.962278
0||10|6	-8.962278
0||10|7	-8.961337
0||10|8	-8.961341
0||10|9	-8.961344
0||11|0	-9.000000
0||11|10	-8.961431
0||11|11	-8.962285
0||11|12	-8.961431
0||11|13	-9.000000
0||11|14	-8.961761
0||11|2	-8.961340
0||11|3	-8.962044
0||11|4	-8.961337
0||11|5	-8.962278
0||11|6	-8.962278
0||11|7	-8.961337
0||11|8	-8.961341
0||11|9	-8.961344
0||12|0	-9.000000
0||12|10	-8.961428
0||12|11	-8.961428
0||12|12	-8.962281
0||12|13	-9.000000
0||12|14	-8.961759
0||12|2	-8.961338
0||12|3	-8.962042
0||12|4	-8.961334
0||12|5	-8.962274
0||12|6	-8.962274
0||12|7	-8.961335
0||12|8	-8.961338
0||12|9	-8.961340
0||13|0	-7.599672
0||13|10	-6.197552
0||13|11	-6.206056
0||13|12	-6.302866
0||13|13	-7.599672
0||13|14	-6.186535
0||13|2	-6.494625
0||13|3	-6.551270
0||13|4	-6.438153
0||13|5	-6.473639
0||13|6	-6.473996
0||13|7	-6.187941
0||13|8	-6.189430
0||13|9	-6.192351
0||14|0	2.720485
0||14|10	5.977755
0||14|11	5.963824
0||14|12	5.703983
0||14|13	4.637897
0||14|14	3.157709
0||14|2	5.996161
0||14|3	5.994096
0||14|4	5.996161
0||14|5	5.994101
0||14|6	5.993357
0||14|7	5.994516
0||14|8	5.991779
0||14|9	5.986479
0||2|0	15.888122
0||2|10	21.984628
0||2|11	21.945999
0||2|12	21.604081
0||2|13	18.862687
0||2|14	21.110339
0||2|2	22.200691
0||2|3	22.200405
0||2|4	17.885652
0||2|5	22.199777
0||2|6	22.198145
0||2|7	22.011373
0||2|8	22.005774
0||2|9	21.997174
0||3|0	13.469751
0||3|10	16.498030
0||3|11	16.478903
0||3|12	16.161517
0||3|13	14.913698
0||3|14	16.080460
0||3|2	16.520055
0||3|3	14.685258
0||3|4	16.520055
0||3|5	15.708163
0||3|6	15.707260
0||3|7	16.518044
0||3|8	16.515313
0||3|9	16.509257
0||4|0	27.179517
0||4|10	33.134772
0||4|11	33.081744
0||4|12	32.673424
0||4|13	28.911558
0||4|14	32.204283
0||4|2	31.287826
0||4|3	33.449920
0||4|4	33.448448
0||4|5	33.446908
0||4|6	33.442411
0||4|7	31.282801
0||4|8	33.169172
0||4|9	33.156853
0||5|0	13.469753
0||5|10	16.498032
0||5|11	16.478906
0||5|12	16.161518
0||5|13	14.913701
0||5|14	16.080461
0||5|2	16.520063
0||5|3	15.708163
0||5|4	16.520063
0||5|5	14.685263
0||5|6	15.707258
0||5|7	16.518046
0||5|8	16.515315
0||5|9	16.509259
0||6|0	13.468448
0||6|10	16.496503
0||6|11	16.477338
0||6|12	16.159886
0||6|13	14.912242
0||6|14	16.079233
0||6|2	16.518692
0||6|3	15.706976
0||6|4	16.518692
0||6|5	15.706970
0||6|6	14.683343
0||6|7	16.516620
0||6|8	16.513855
0||6|9	16.507772
0||7|0	15.880345
0||7|10	21.965056
0||7|11	21.925656
0||7|12	21.585613
0||7|13	18.856239
0||7|14	21.088952
0||7|2	22.011373
0||7|3	22.184534
0||7|4	17.874855
0||7|5	22.183936
0||7|6	22.182415
0||7|7	22.178409
0||7|8	21.986243
0||7|9	21.977575
0||8|0	-9.000000
0||8|10	-8.962975
0||8|11	-8.963174
0||8|12	-8.963174
0||8|13	-9.000000
0||8|14	-8.963676
0||8|2	-8.962815
0||8|3	-8.963766
0||8|4	-8.963012
0||8|5	-8.963981
0||8|6	-8.963981
0||8|7	-8.963010
0||8|8	-8.963979
0||8|9	-8.963018
0||9|0	-9.000000
0||9|10	-8.961135
0||9|11	-8.961135
0||9|12	-8.961135
0||9|13	-9.000000
0||9|14	-8.961496
0||9|2	-8.961066
0||9|3	-8.961776
0||9|4	-8.961061
0||9|5	-8.961990
0||9|6	-8.961990
0||9|7	-8.961061
0||9|8	-8.961065
0||9|9	-8.961990
10,10|||0	7.609556
10,10|||10	9.899197
10,10|||11	12.232970
10,10|||12	12.232970
10,10|||13	9.263225
10,10|||14	12.210518
10,10|||2	11.341759
10,10|||3	12.145132
10,10|||4	10.001071
10,10|||5	12.145132
10,10|||6	12.145132
10,10|||7	11.341759
10,10|||8	12.232970
10,10|||9	12.232970
10,11|||0	1.970911
10,11|||10	2.850963
10,11|||11	2.751314
10,11|||12	3.070402
10,11|||13	3.010585
10,11|||14	3.035639
10,11|||2	2.895984
10,11|||3	2.813518
10,11|||4	2.583590
10,11|||5	2.813518
10,11|||6	2.813518
10,11|||7	2.895984
10,11|||8	3.070402
10,11|||9	3.070402
10,12|||0	4.488222
10,12|||10	6.021677
10,12|||11	6.143979
10,12|||12	5.177974
10,12|||13	6.097068
10,12|||14	6.094424
10,12|||2	5.905918
10,12|||3	5.771821
10,12|||4	5.554054
10,12|||5	5.771821
10,12|||6	5.771821
10,12|||7	5.905918
10,12|||8	6.143979
10,12|||9	6.143979
10,13|||0	5.056823
10,13|||10	7.979878
10,13|||11	8.118552
10,13|||12	8.118552
10,13|||13	5.569847
10,13|||14	8.051725
10,13|||2	7.877888
10,13|||3	7.546162
10,13|||4	7.485641
10,13|||5	7.546162
10,13|||6	7.546162
10,13|||7	7.877888
10,13|||8	8.185985
10,13|||9	8.185985
10,14|||0	7.082359
10,14|||10	10.914030
10,14|||11	10.878921
10,14|||12	10.878921
10,14|||13	9.648654
10,14|||14	9.130157
10,14|||2	10.268008
10,14|||3	10.918534
10,14|||4	9.212023
10,14|||5	10.918534
10,14|||6	10.918534
10,14|||7	10.268008
10,14|||8	10.878921
10,14|||9	10.878921
10|0||0	5.461366
10|0||10	8.041924
10|0||11	10.376538
10|0||12	10.276614
10|0||13	10.236698
10|0||14	9.244842
10|0||2	9.613088
10|0||3	10.185585
10|0||4	8.189135
10|0||5	10.185576
10|0||6	10.184842
10|0||7	9.611074
10|0||8	10.389300
10|0||9	10.386752
10|10||0	3.434457
10|10||10	5.297319
10|10||11	6.095652
10|10||12	5.827276
10|10||13	5.166706
10|10||14	5.528668
10|10||2	5.740633
10|10||3	5.812221
10|10||4	5.182684
10|10||5	5.812221
10|10||6	5.811663
10|10||7	5.738575
10|10||8	6.115432
10|10||9	6.111947
10|11||0	4.195956
10|11||10	6.492227
10|11||11	6.934055
10|11||12	6.945955
10|11||13	6.093565
10|11||14	6.462526
10|11||2	6.715422
10|11||3	6.926266
10|11||4	6.063952
10|11||5	6.926266
10|11||6	6.925717
10|11||7	6.713699
10|11||8	7.170237
10|11||9	7.167434
10|12||0	3.944189
10|12||10	6.203227
10|12||11	6.903881
10|12||12	6.531909
10|12||13	5.778161
10|12||14	6.180762
10|12||2	6.469687
10|12||3	6.692757
10|12||4	5.828652
10|12||5	6.692757
10|12||6	6.692090
10|12||7	6.467696
10|12||8	6.924794
10|12||9	6.921443
10|13||0	9.035318
10|13||10	11.614446
10|13||11	14.702561
10|13||12	14.645942
10|13||13	14.701902
10|13||14	13.409307
10|13||2	13.459076
10|13||3	14.712366
10|13||4	11.701651
10|13||5	14.712366
10|13||6	14.711583
10|13||7	13.457209
10|13||8	14.712809
10|13||9	14.710464
10|14||0	3.452360
10|14||10	5.300117
10|14||11	6.050964
10|14||12	5.784519
10|14||13	4.944160
10|14||14	5.751104
10|14||2	5.678191
10|14||3	5.773532
10|14||4	5.132012
10|14||5	5.773532
10|14||6	5.773012
10|14||7	5.676349
10|14||8	6.069798
10|14||9	6.066842
10|2||0	3.620681
10|2||10	5.710727
10|2||11	6.352618
10|2||12	6.131604
10|2||13	5.419372
10|2||14	5.812379
10|2||2	5.732357
10|2||3	6.106156
10|2||4	5.428028
10|2||5	6.106156
10|2||6	6.105685
10|2||7	5.868262
10|2||8	6.386771
10|2||9	6.383454
10|3||0	3.675562
10|3||10	5.830741
10|3||11	6.560872
10|3||12	6.356056
10|3||13	5.485061
10|3||14	5.950630
10|3||2	6.106064
10|3||3	6.100367
10|3||4	5.409892
10|3||5	6.379676
10|3||6	6.379221
10|3||7	6.104540
10|3||8	6.590931
10|3||9	6.587483
10|4||0	2.998345
10|4||10	5.019538
10|4||11	5.633264
10|4||12	5.410250
10|4||13	4.750757
10|4||14	5.189001
10|4||2	5.332830
10|4||3	5.331133
10|4||4	4.469932
10|4||5	5.331183
10|4||6	5.330707
10|4||7	5.331287
10|4||8	5.670286
10|4||9	5.666734
10|5||0	3.675523
10|5||10	5.830702
10|5||11	6.560803
10|5||12	6.355994
10|5||13	5.485061
10|5||14	5.950559
10|5||2	6.106028
10|5||3	6.379602
10|5||4	5.409864
10|5||5	6.100293
10|5||6	6.379173
10|5||7	6.104505
10|5||8	6.590861
10|5||9	6.587414
10|6||0	3.675034
10|6||10	5.830134
10|6||11	6.560292
10|6||12	6.355426
10|6||13	5.484576
10|6||14	5.950048
10|6||2	6.105546
10|6||3	6.379121
10|6||4	5.409373
10|6||5	6.379147
10|6||6	6.099617
10|6||7	6.104020
10|6||8	6.590368
10|6||9	6.586924
10|7||0	3.619469
10|7||10	5.709161
10|7||11	6.351076
10|7||12	6.130057
10|7||13	5.418144
10|7||14	5.810805
10|7||2	5.868330
10|7||3	6.104597
10|7||4	5.426543
10|7||5	6.104597
10|7||6	6.104115
10|7||7	5.729439
10|7||8	6.385266
10|7||9	6.381955
10|8||0	4.159752
10|8||10	6.406338
10|8||11	7.072424
10|8||12	6.869567
10|8||13	6.078191
10|8||14	6.369246
10|8||2	6.642330
10|8||3	6.878909
10|8||4	5.990850
10|8||5	6.878909
10|8||6	6.878408
10|8||7	6.640718
10|8||8	6.873486
10|8||9	7.100459
10|9||0	4.156453
10|9||10	6.403728
10|9||11	7.070008
10|9||12	6.866381
10|9||13	6.075762
10|9||14	6.366847
10|9||2	6.640469
10|9||3	6.876506
10|9||4	5.988701
10|9||5	6.876506
10|9||6	6.876001
10|9||7	6.638844
10|9||8	7.101621
10|9||9	6.868524
10||0|0	10.409762
10||0|10	13.345781
10||0|11	14.746785
10||0|12	14.587194
10||0|13	12.666285
10||0|14	13.407606
10||0|2	14.502362
10||0|3	14.811536
10||0|4	14.502362
10||0|5	14.811536
10||0|6	14.810860
10||0|7	14.500442
10||0|8	14.770842
10||0|9	14.766682
10||10|0	-8.961974
10||10|10	-8.895137
10||10|11	-8.893526
10||10|12	-8.893519
10||10|13	-8.979399
10||10|14	-8.894235
10||10|2	-8.893325
10||10|3	-8.895531
10||10|4	-8.893162
10||10|5	-8.895972
10||10|6	-8.895987
10||10|7	-8.893328
10||10|8	-8.893328
10||10|9	-8.893328
10||11|0	-8.962154
10||11|10	-8.892514
10||11|11	-8.897090
10||11|12	-8.894709
10||11|13	-8.979652
10||11|14	-8.894895
10||11|2	-8.894460
10||11|3	-8.896350
10||11|4	-8.894302
10||11|5	-8.896755
10||11|6	-8.896772
10||11|7	-8.894481
10||11|8	-8.894481
10||11|9	-8.894481
10||12|0	-8.962154
10||12|10	-8.892499
10||12|11	-8.894702
10||12|12	-8.897059
10||12|13	-8.979641
10||12|14	-8.894877
10||12|2	-8.894442
10||12|3	-8.896333
10||12|4	-8.894288
10||12|5	-8.896741
10||12|6	-8.896752
10||12|7	-8.894462
10||12|8	-8.894462
10||12|9	-8.894462
10||13|0	-7.166025
10||13|10	-6.284675
10||13|11	-6.209106
10||13|12	-6.245723
10||13|13	-7.085282
10||13|14	-6.191283
10||13|2	-6.469353
10||13|3	-6.519870
10||13|4	-6.421067
10||13|5	-6.452881
10||13|6	-6.453160
10||13|7	-6.194982
10||13|8	-6.197618
10||13|9	-6.200766
10||14|0	-0.834779
10||14|10	0.765298
10||14|11	0.927839
10||14|12	0.618339
10||14|13	0.650545
10||14|14	-0.436382
10||14|2	0.985794
10||14|3	0.981486
10||14|4	0.985794
10||14|5	0.981486
10||14|6	0.980819
10||14|7	0.983602
10||14|8	0.981585
10||14|9	0.978516
10||2|0	5.625087
10||2|10	8.245384
10||2|11	9.350707
10||2|12	9.218428
10||2|13	7.660605
10||2|14	8.445388
10||2|2	9.427159
10||2|3	9.427159
10||2|4	7.256916
10||2|5	9.427159
10||2|6	9.426665
10||2|7	9.371475
10||2|8	9.370044
10||2|9	9.367976
10||3|0	4.132194
10||3|10	5.936879
10||3|11	6.080881
10||3|12	5.733064
10||3|13	5.497968
10||3|14	5.943956
10||3|2	6.138961
10||3|3	5.271380
10||3|4	6.138961
10||3|5	5.586968
10||3|6	5.586534
10||3|7	6.136960
10||3|8	6.135509
10||3|9	6.133058
10||4|0	11.396660
10||4|10	14.280786
10||4|11	15.901658
10||4|12	15.779710
10||4|13	13.415611
10||4|14	14.755635
10||4|2	14.730004
10||4|3	16.008892
10||4|4	16.008892
10||4|5	16.008892
10||4|6	16.008284
10||4|7	14.728727
10||4|8	15.926203
10||4|9	15.924068
10||5|0	4.132194
10||5|10	5.936879
10||5|11	6.080881
10||5|12	5.733064
10||5|13	5.497968
10||5|14	5.943956
10||5|2	6.138961
10||5|3	5.586968
10||5|4	6.138961
10||5|5	5.271380
10||5|6	5.586534
10||5|7	6.136960
10||5|8	6.135509
10||5|9	6.133058
10||6|0	4.131767
10||6|10	5.936368
10||6|11	6.080388
10||6|12	5.732600
10||6|13	5.497594
10||6|14	5.943426
10||6|2	6.138489
10||6|3	5.586558
10||6|4	6.138489
10||6|5	5.586558
10||6|6	5.270554
10||6|7	6.136491
10||6|8	6.135040
10||6|9	6.132587
10||7|0	5.623152
10||7|10	8.243185
10||7|11	9.348853
10||7|12	9.216340
10||7|13	7.658808
10||7|14	8.443500
10||7|2	9.371475
10||7|3	9.425423
10||7|4	7.255086
10||7|5	9.425423
10||7|6	9.424923
10||7|7	9.424175
10||7|8	9.368222
10||7|9	9.366170
10||8|0	-8.962292
10||8|10	-8.892934
10||8|11	-8.895130
10||8|12	-8.895118
10||8|13	-8.979913
10||8|14	-8.895229
10||8|2	-8.894969
10||8|3	-8.896694
10||8|4	-8.894776
10||8|5	-8.897146
10||8|6	-8.897168
10||8|7	-8.895000
10||8|8	-8.897168
10||8|9	-8.895000
10||9|0	-8.962292
10||9|10	-8.892934
10||9|11	-8.895130
10||9|12	-8.895118
10||9|13	-8.979913
10||9|14	-8.895229
10||9|2	-8.894969
10||9|3	-8.896694
10||9|4	-8.894776
10||9|5	-8.897146
10||9|6	-8.897168
10||9|7	-8.895000
10||9|8	-8.895000
10||9|9	-8.897168
11,11|||0	8.229662
11,11|||10	12.872986
11,11|||11	10.586809
11,11|||12	12.872986
11,11|||13	9.929295
11,11|||14	12.853631
11,11|||2	11.980241
11,11|||3	12.762160
11,11|||4	10.640406
11,11|||5	12.762160
11,11|||6	12.762160
11,11|||7	11.980241
11,11|||8	12.872986
11,11|||9	12.872986
11,12|||0	4.654114
11,12|||10	6.284190
11,12|||11	6.126644
11,12|||12	5.382998
11,12|||13	6.241859
11,12|||14	6.234791
11,12|||2	6.050268
11,12|||3	5.910288
11,12|||4	5.691864
11,12|||5	5.910288
11,12|||6	5.910288
11,12|||7	6.050268
11,12|||8	6.284190
11,12|||9	6.284190
11,13|||0	4.882021
11,13|||10	7.865378
11,13|||11	7.534823
11,13|||12	7.706446
11,13|||13	5.524374
11,13|||14	7.652155
11,13|||2	7.563397
11,13|||3	7.258470
11,13|||4	7.147353
11,13|||5	7.258470
11,13|||6	7.258470
11,13|||7	7.563397
11,13|||8	7.865378
11,13|||9	7.865378
11,14|||0	7.227285
11,14|||10	11.029620
11,14|||11	11.033712
11,14|||12	11.029620
11,14|||13	9.817528
11,14|||14	9.312420
11,14|||2	10.422978
11,14|||3	11.056632
11,14|||4	9.360481
11,14|||5	11.056632
11,14|||6	11.056632
11,14|||7	10.422978
11,14|||8	11.029620
11,14|||9	11.029620
11|0||0	5.695761
11|0||10	10.645600
11|0||11	8.223689
11|0||12	10.540842
11|0||13	10.499291
11|0||14	9.519499
11|0||2	9.875429
11|0||3	10.443299
11|0||4	8.438500
11|0||5	10.443291
11|0||6	10.442530
11|0||7	9.873361
11|0||8	10.651613
11|0||9	10.648981
11|10||0	4.366403
11|10||10	7.070425
11|10||11	6.523562
11|10||12	7.070457
11|10||13	6.331488
11|10||14	6.568210
11|10||2	6.839717
11|10||3	7.089548
11|10||4	6.179005
11|10||5	7.089548
11|10||6	7.089043
11|10||7	6.838127
11|10||8	7.306267
11|10||9	7.302806
11|11||0	3.614028
11|11||10	6.312827
11|11||11	5.424101
11|11||12	6.038319
11|11||13	5.371981
11|11||14	5.743900
11|11||2	5.943748
11|11||3	6.013620
11|11||4	5.377909
11|11||5	6.013620
11|11||6	6.013041
11|11||7	5.941654
11|11||8	6.321322
11|11||9	6.317737
11|12||0	4.213750
11|12||10	7.210236
11|12||11	6.425297
11|12||12	6.836611
11|12||13	6.080911
11|12||14	6.490552
11|12||2	6.765861
11|12||3	6.972360
11|12||4	6.113658
11|12||5	6.972360
11|12||6	6.971704
11|12||7	6.763814
11|12||8	7.219787
11|12||9	7.216305
11|13||0	9.262380
11|13||10	14.965666
11|13||11	11.802819
11|13||12	14.906813
11|13||13	14.961798
11|13||14	13.679446
11|13||2	13.708743
11|13||3	14.970248
11|13||4	11.938614
11|13||5	14.970248
11|13||6	14.969465
11|13||7	13.706926
11|13||8	14.970823
11|13||9	14.968447
11|14||0	3.728225
11|14||10	6.365128
11|14||11	5.529831
11|14||12	6.099907
11|14||13	5.255659
11|14||14	6.055522
11|14||2	5.975222
11|14||3	6.067333
11|14||4	5.424655
11|14||5	6.067333
11|14||6	6.066792
11|14||7	5.973327
11|14||8	6.372455
11|14||9	6.369578
11|2||0	3.837937
11|2||10	6.582439
11|2||11	5.832479
11|2||12	6.338899
11|2||13	5.683955
11|2||14	6.007887
11|2||2	5.926320
11|2||3	6.318652
11|2||4	5.617276
11|2||5	6.318652
11|2||6	6.318218
11|2||7	6.064849
11|2||8	6.590982
11|2||9	6.587756
11|3||0	3.895068
11|3||10	6.800380
11|3||11	5.968566
11|3||12	6.577580
11|3||13	5.755883
11|3||14	6.164299
11|3||2	6.317409
11|3||3	6.329832
11|3||4	5.611788
11|3||5	6.601734
11|3||6	6.601313
11|3||7	6.315985
11|3||8	6.808876
11|3||9	6.805621
11|4||0	3.210270
11|4||10	5.858373
11|4||11	5.129431
11|4||12	5.610374
11|4||13	5.019650
11|4||14	5.382209
11|4||2	5.524460
11|4||3	5.536283
11|4||4	4.648794
11|4||5	5.536330
11|4||6	5.535884
11|4||7	5.523042
11|4||8	5.867621
11|4||9	5.864210
11|5||0	3.895034
11|5||10	6.800324
11|5||11	5.968538
11|5||12	6.577520
11|5||13	5.755883
11|5||14	6.164270
11|5||2	6.317378
11|5||3	6.601659
11|5||4	5.611764
11|5||5	6.329759
11|5||6	6.601264
11|5||7	6.315955
11|5||8	6.808818
11|5||9	6.805564
11|6||0	3.894569
11|6||10	6.799846
11|6||11	5.967999
11|6||12	6.576950
11|6||13	5.755401
11|6||14	6.163775
11|6||2	6.316930
11|6||3	6.601209
11|6||4	5.611309
11|6||5	6.601236
11|6||6	6.329113
11|6||7	6.315501
11|6||8	6.808345
11|6||9	6.805094
11|7||0	3.836599
11|7||10	6.580953
11|7||11	5.830924
11|7||12	6.337262
11|7||13	5.682653
11|7||14	6.006412
11|7||2	6.064907
11|7||3	6.317203
11|7||4	5.615920
11|7||5	6.317203
11|7||6	6.316757
11|7||7	5.923637
11|7||8	6.589578
11|7||9	6.586360
11|8||0	4.377127
11|8||10	7.304846
11|8||11	6.531009
11|8||12	7.080663
11|8||13	6.340234
11|8||14	6.575819
11|8||2	6.846116
11|8||3	7.096004
11|8||4	6.186083
11|8||5	7.096004
11|8||6	7.095516
11|8||7	6.844638
11|8||8	7.083130
11|8||9	7.309559
11|9||0	4.373575
11|9||10	7.302306
11|9||11	6.527956
11|9||12	7.077143
11|9||13	6.337474
11|9||14	6.573404
11|9||2	6.844184
11|9||3	7.093517
11|9||4	6.183929
11|9||5	7.093517
11|9||6	7.093025
11|9||7	6.842683
11|9||8	7.310444
11|9||9	7.078061
11||0|0	10.772074
11||0|10	15.122239
11||0|11	13.605419
11||0|12	14.951543
11||0|13	13.041487
11||0|14	13.794300
11||0|2	14.857049
11||0|3	15.170891
11||0|4	14.857049
11||0|5	15.170891
11||0|6	15.170248
11||0|7	14.854933
11||0|8	15.130822
11||0|9	15.127575
11||10|0	-8.962154
11||10|10	-8.897012
11||10|11	-8.892446
11||10|12	-8.894651
11||10|13	-8.979612
11||10|14	-8.894828
11||10|2	-8.894390
11||10|3	-8.896283
11||10|4	-8.894239
11||10|5	-8.896776
11||10|6	-8.896776
11||10|7	-8.894488
11||10|8	-8.894488
11||10|9	-8.894488
11||11|0	-8.961974
11||11|10	-8.893462
11||11|11	-8.895069
11||11|12	-8.893463
11||11|13	-8.979363
11||11|14	-8.894175
11||11|2	-8.893262
11||11|3	-8.895471
11||11|4	-8.893105
11||11|5	-8.896010
11||11|6	-8.896010
11||11|7	-8.893354
11||11|8	-8.893354
11||11|9	-8.893354
11||12|0	-8.962154
11||12|10	-8.894656
11||12|11	-8.892453
11||12|12	-8.897020
11||12|13	-8.979615
11||12|14	-8.894834
11||12|2	-8.894396
11||12|3	-8.896288
11||12|4	-8.894246
11||12|5	-8.896783
11||12|6	-8.896783
11||12|7	-8.894495
11||12|8	-8.894495
11||12|9	-8.894495
11||13|0	-7.121943
11||13|10	-6.134463
11||13|11	-6.235801
11||13|12	-6.174908
11||13|13	-7.038482
11||13|14	-6.121151
11||13|2	-6.406619
11||13|3	-6.458402
11||13|4	-6.357104
11||13|5	-6.389717
11||13|6	-6.389993
11||13|7	-6.124838
11||13|8	-6.127469
11||13|9	-6.130633
11||14|0	-0.721320
11||14|10	1.025787
11||14|11	0.734872
11||14|12	0.678423
11||14|13	0.840188
11||14|14	-0.388528
11||14|2	1.039927
11||14|3	1.035290
11||14|4	1.039927
11||14|5	1.035290
11||14|6	1.034696
11||14|7	1.038105
11||14|8	1.036351
11||14|9	1.033261
11||2|0	5.873014
11||2|10	9.626919
11||2|11	8.429728
11||2|12	9.482477
11||2|13	7.941321
11||2|14	8.712196
11||2|2	9.688119
11||2|3	9.688119
11||2|4	7.505512
11||2|5	9.688119
11||2|6	9.687666
11||2|7	9.633833
11||2|8	9.631973
11||2|9	9.629845
11||3|0	4.318959
11||3|10	6.213189
11||3|11	5.929723
11||3|12	5.821325
11||3|13	5.725410
11||3|14	5.986000
11||3|2	6.221823
11||3|3	5.348100
11||3|4	6.221823
11||3|5	5.673716
11||3|6	5.673344
11||3|7	6.220143
11||3|8	6.218907
11||3|9	6.216810
11||4|0	11.724536
11||4|10	16.260400
11||4|11	14.522659
11||4|12	16.122996
11||4|13	13.765363
11||4|14	15.099930
11||4|2	15.055525
11||4|3	16.348622
11||4|4	16.348622
11||4|5	16.348622
11||4|6	16.348061
11||4|7	15.054342
11||4|8	16.266087
11||4|9	16.263833
11||5|0	4.318959
11||5|10	6.213189
11||5|11	5.929723
11||5|12	5.821325
11||5|13	5.725410
11||5|14	5.986000
11||5|2	6.221823
11||5|3	5.673716
11||5|4	6.221823
11||5|5	5.348100
11||5|6	5.673344
11||5|7	6.220143
11||5|8	6.218907
11||5|9	6.216810
11||6|0	4.318541
11||6|10	6.212739
11||6|11	5.929252
11||6|12	5.820928
11||6|13	5.724998
11||6|14	5.985553
11||6|2	6.221411
11||6|3	5.673354
11||6|4	6.221411
11||6|5	5.673354
11||6|6	5.347394
11||6|7	6.219733
11||6|8	6.218500
11||6|9	6.216397
11||7|0	5.870968
11||7|10	9.625212
11||7|11	8.427635
11||7|12	9.480293
11||7|13	7.939675
11||7|14	8.710398
11||7|2	9.633833
11||7|3	9.686504
11||7|4	7.503753
11||7|5	9.686504
11||7|6	9.686046
11||7|7	9.685364
11||7|8	9.630253
11||7|9	9.628141
11||8|0	-8.962292
11||8|10	-8.895039
11||8|11	-8.892849
11||8|12	-8.895041
11||8|13	-8.979863
11||8|14	-8.895144
11||8|2	-8.894881
11||8|3	-8.896609
11||8|4	-8.894695
11||8|5	-8.897183
11||8|6	-8.897183
11||8|7	-8.895019
11||8|8	-8.897183
11||8|9	-8.895019
11||9|0	-8.962292
11||9|10	-8.895039
11||9|11	-8.892849
11||9|12	-8.895041
11||9|13	-8.979863
11||9|14	-8.895144
11||9|2	-8.894881
11||9|3	-8.896609
11||9|4	-8.894695
11||9|5	-8.897183
11||9|6	-8.897183
11||9|7	-8.895019
11||9|8	-8.895019
11||9|9	-8.897183
12,12|||0	12.959155
12,12|||10	17.307662
12,12|||11	17.307662
12,12|||12	15.364872
12,12|||13	14.826040
12,12|||14	17.268319
12,12|||2	16.442735
12,12|||3	17.080676
12,12|||4	15.225109
12,12|||5	17.080676
12,12|||6	17.080676
12,12|||7	16.442735
12,12|||8	17.307662
12,12|||9	17.307662
12,13|||0	6.270147
12,13|||10	8.886085
12,13|||11	8.886085
12,13|||12	8.011753
12,13|||13	7.405971
12,13|||14	8.572507
12,13|||2	8.579938
12,13|||3	8.325226
12,13|||4	8.166034
12,13|||5	8.325226
12,13|||6	8.325226
12,13|||7	8.579939
12,13|||8	8.886085
12,13|||9	8.886085
12,14|||0	8.777589
12,14|||10	12.479201
12,14|||11	12.479201
12,14|||12	12.190355
12,14|||13	11.440862
12,14|||14	11.127711
12,14|||2	11.898920
12,14|||3	12.400489
12,14|||4	10.890551
12,14|||5	12.400489
12,14|||6	12.400489
12,14|||7	11.898920
12,14|||8	12.479201
12,14|||9	12.479201
12|0||0	7.230784
12|0||10	12.347106
12|0||11	12.342206
12|0||12	9.461901
12|0||13	12.207682
12|0||14	11.281144
12|0||2	11.571769
12|0||3	12.098174
12|0||4	10.116721
12|0||5	12.098173
12|0||6	12.097364
12|0||7	11.569640
12|0||8	12.354711
12|0||9	12.351461
12|10||0	6.344697
12|10||10	9.241808
12|10||11	9.434765
12|10||12	8.128128
12|10||13	8.622470
12|10||14	8.753760
12|10||2	8.970663
12|10||3	9.149937
12|10||4	8.287496
12|10||5	9.149937
12|10||6	9.149094
12|10||7	8.968457
12|10||8	9.453051
12|10||9	9.448938
12|11||0	6.333780
12|11||10	9.435373
12|11||11	9.229645
12|11||12	8.117204
12|11||13	8.613967
12|11||14	8.745794
12|11||2	8.963423
12|11||3	9.142158
12|11||4	8.280031
12|11||5	9.142158
12|11||6	9.141312
12|11||7	8.961208
12|11||8	9.445753
12|11||9	9.441803
12|12||0	4.977738
12|12||10	7.889247
12|12||11	7.877335
12|12||12	6.404602
12|12||13	6.994875
12|12||14	7.391547
12|12||2	7.503971
12|12||3	7.530757
12|12||4	6.923831
12|12||5	7.530757
12|12||6	7.530189
12|12||7	7.502064
12|12||8	7.900646
12|12||9	7.897175
12|13||0	10.650753
12|13||10	16.468392
12|13||11	16.464932
12|13||12	12.921588
12|13||13	16.489693
12|13||14	15.254612
12|13||2	15.161198
12|13||3	16.472877
12|13||4	13.300394
12|13||5	16.472877
12|13||6	16.471995
12|13||7	15.159410
12|13||8	16.473520
12|13||9	16.471442
12|14||0	5.802424
12|14||10	8.654037
12|14||11	8.643422
12|14||12	7.260452
12|14||13	7.661503
12|14||14	8.331387
12|14||2	8.248322
12|14||3	8.284622
12|14||4	7.671970
12|14||5	8.284622
12|14||6	8.284013
12|14||7	8.246183
12|14||8	8.663069
12|14||9	8.660030
12|2||0	5.833259
12|2||10	8.756628
12|2||11	8.748160
12|2||12	7.445173
12|2||13	7.994254
12|2||14	8.200352
12|2||2	8.113135
12|2||3	8.411321
12|2||4	7.764542
12|2||5	8.411321
12|2||6	8.410621
12|2||7	8.242083
12|2||8	8.766396
12|2||9	8.762659
12|3||0	5.795570
12|3||10	8.894017
12|3||11	8.885149
12|3||12	7.523409
12|3||13	8.005383
12|3||14	8.275305
12|3||2	8.390730
12|3||3	8.415738
12|3||4	7.663306
12|3||5	8.640265
12|3||6	8.639534
12|3||7	8.388864
12|3||8	8.903829
12|3||9	8.900091
12|4||0	5.172597
12|4||10	8.060810
12|4||11	8.052233
12|4||12	6.755577
12|4||13	7.373339
12|4||14	7.563011
12|4||2	7.719000
12|4||3	7.637783
12|4||4	6.819748
12|4||5	7.637789
12|4||6	7.637145
12|4||7	7.717156
12|4||8	8.070865
12|4||9	8.067015
12|5||0	5.795564
12|5||10	8.894012
12|5||11	8.885147
12|5||12	7.523400
12|5||13	8.005383
12|5||14	8.275300
12|5||2	8.390725
12|5||3	8.640260
12|5||4	7.663301
12|5||5	8.415733
12|5||6	8.639531
12|5||7	8.388859
12|5||8	8.903824
12|5||9	8.900086
12|6||0	5.794808
12|6||10	8.893093
12|6||11	8.884221
12|6||12	7.522516
12|6||13	8.004780
12|6||14	8.274353
12|6||2	8.389940
12|6||3	8.639373
12|6||4	7.662586
12|6||5	8.639374
12|6||6	8.414577
12|6||7	8.388038
12|6||8	8.902902
12|6||9	8.899169
12|7||0	5.831670
12|7||10	8.754470
12|7||11	8.745994
12|7||12	7.443158
12|7||13	7.992425
12|7||14	8.198226
12|7||2	8.242045
12|7||3	8.409271
12|7||4	7.762904
12|7||5	8.409271
12|7||6	8.408479
12|7||7	8.110115
12|7||8	8.764203
12|7||9	8.760480
12|8||0	6.355028
12|8||10	9.453526
12|8||11	9.445762
12|8||12	8.138354
12|8||13	8.633116
12|8||14	8.763698
12|8||2	8.979648
12|8||3	9.159544
12|8||4	8.296631
12|8||5	9.159544
12|8||6	9.158684
12|8||7	8.977432
12|8||8	9.256433
12|8||9	9.458938
12|9||0	6.350911
12|9||10	9.449236
12|9||11	9.441980
12|9||12	8.133995
12|9||13	8.629166
12|9||14	8.759989
12|9||2	8.976300
12|9||3	9.156005
12|9||4	8.293167
12|9||5	9.156005
12|9||6	9.155153
12|9||7	8.974092
12|9||8	9.458739
12|9||9	9.250827
12||0|0	13.389689
12||0|10	17.986921
12||0|11	17.980416
12||0|12	15.756515
12||0|13	16.060531
12||0|14	16.684866
12||0|2	17.698376
12||0|3	18.028323
12||0|4	17.698376
12||0|5	18.028323
12||0|6	18.027220
12||0|7	17.694943
12||0|8	17.993939
12||0|9	17.991013
12||10|0	-8.962154
12||10|10	-8.897063
12||10|11	-8.894707
12||10|12	-8.892504
12||10|13	-8.979645
12||10|14	-8.894883
12||10|2	-8.894449
12||10|3	-8.896224
12||10|4	-8.894177
12||10|5	-8.896714
12||10|6	-8.896726
12||10|7	-8.894434
12||10|8	-8.894434
12||10|9	-8.894434
12||11|0	-8.962154
12||11|10	-8.894719
12||11|11	-8.897103
12||11|12	-8.892526
12||11|13	-8.979660
12||11|14	-8.894906
12||11|2	-8.894473
12||11|3	-8.896248
12||11|4	-8.894198
12||11|5	-8.896736
12||11|6	-8.896753
12||11|7	-8.894461
12||11|8	-8.894461
12||11|9	-8.894461
12||12|0	-8.961974
12||12|10	-8.893533
12||12|11	-8.893541
12||12|12	-8.895157
12||12|13	-8.979410
12||12|14	-8.894251
12||12|2	-8.893344
12||12|3	-8.895420
12||12|4	-8.893050
12||12|5	-8.895955
12||12|6	-8.895970
12||12|7	-8.893310
12||12|8	-8.893310
12||12|9	-8.893310
12||13|0	-6.782818
12||13|10	-5.580667
12||13|11	-5.585097
12||13|12	-5.837270
12||13|13	-6.674161
12||13|14	-5.567786
12||13|2	-5.914828
12||13|3	-5.977294
12||13|4	-5.858323
12||13|5	-5.896290
12||13|6	-5.896536
12||13|7	-5.571283
12||13|8	-5.573825
12||13|9	-5.576898
12||14|0	0.818217
12||14|10	2.827348
12||14|11	2.805631
12||14|12	1.936861
12||14|13	2.779211
12||14|14	1.173599
12||14|2	2.841908
12||14|3	2.837681
12||14|4	2.841908
12||14|5	2.837681
12||14|6	2.837216
12||14|7	2.840505
12||14|8	2.838640
12||14|9	2.833743
12||2|0	7.761751
12||2|10	11.756112
12||2|11	11.751230
12||2|12	10.065179
12||2|13	10.150807
12||2|14	10.856767
12||2|2	11.814048
12||2|3	11.814048
12||2|4	9.436437
12||2|5	11.814048
12||2|6	11.813156
12||2|7	11.764780
12||2|8	11.762824
12||2|9	11.759970
12||3|0	6.759621
12||3|10	8.734006
12||3|11	8.726461
12||3|12	7.762232
12||3|13	8.455741
12||3|14	8.466166
12||3|2	8.746726
12||3|3	7.778277
12||3|4	8.746726
12||3|5	8.125389
12||3|6	8.125015
12||3|7	8.744872
12||3|8	8.742825
12||3|9	8.739065
12||4|0	14.252597
12||4|10	18.918965
12||4|11	18.914679
12||4|12	16.682008
12||4|13	16.602582
12||4|14	17.802192
12||4|2	17.591953
12||4|3	19.000286
12||4|4	19.000286
12||4|5	19.000286
12||4|6	18.999362
12||4|7	17.589996
12||4|8	18.924990
12||4|9	18.922522
12||5|0	6.759621
12||5|10	8.734006
12||5|11	8.726461
12||5|12	7.762232
12||5|13	8.455741
12||5|14	8.466166
12||5|2	8.746726
12||5|3	8.125389
12||5|4	8.746726
12||5|5	7.778277
12||5|6	8.125015
12||5|7	8.744872
12||5|8	8.742825
12||5|9	8.739065
12||6|0	6.759221
12||6|10	8.733610
12||6|11	8.726053
12||6|12	7.761782
12||6|13	8.455340
12||6|14	8.465750
12||6|2	8.746337
12||6|3	8.125041
12||6|4	8.746337
12||6|5	8.125041
12||6|6	7.777631
12||6|7	8.744478
12||6|8	8.742428
12||6|9	8.738666
12||7|0	7.758958
12||7|10	11.753468
12||7|11	11.748585
12||7|12	10.062349
12||7|13	10.147962
12||7|14	10.853984
12||7|2	11.764780
12||7|3	11.811404
12||7|4	9.433976
12||7|5	11.811404
12||7|6	11.810510
12||7|7	11.809325
12||7|8	11.760039
12||7|9	11.757241
12||8|0	-8.962292
12||8|10	-8.895137
12||8|11	-8.895149
12||8|12	-8.892959
12||8|13	-8.979927
12||8|14	-8.895251
12||8|2	-8.894994
12||8|3	-8.896556
12||8|4	-8.894638
12||8|5	-8.897124
12||8|6	-8.897146
12||8|7	-8.894977
12||8|8	-8.897146
12||8|9	-8.894977
12||9|0	-8.962292
12||9|10	-8.895137
12||9|11	-8.895149
12||9|12	-8.892959
12||9|13	-8.979927
12||9|14	-8.895251
12||9|2	-8.894994
12||9|3	-8.896556
12||9|4	-8.894638
12||9|5	-8.897124
12||9|6	-8.897146
12||9|7	-8.894977
12||9|8	-8.894977
12||9|9	-8.897146
13,13|||0	20.146020
13,13|||10	22.458741
13,13|||11	22.458810
13,13|||12	22.457630
13,13|||14	22.325901
13,13|||2	22.032621
13,13|||3	21.592421
13,13|||4	21.685361
13,13|||5	21.592421
13,13|||6	21.592421
13,13|||7	22.032621
13,13|||8	22.458758
13,13|||9	22.458591
13,14|||0	5.997113
13,14|||10	9.754143
13,14|||11	9.754143
13,14|||12	9.754143
13,14|||13	7.842309
13,14|||14	8.083266
13,14|||2	9.238738
13,14|||3	9.716001
13,14|||4	8.333829
13,14|||5	9.716001
13,14|||6	9.716001
13,14|||7	9.238738
13,14|||8	9.754143
13,14|||9	9.754143
13|0||0	5.105516
13|0||10	9.624733
13|0||11	9.618819
13|0||12	9.464679
13|0||13	6.616347
13|0||14	8.443929
13|0||2	9.119906
13|0||3	9.109221
13|0||4	8.220171
13|0||5	9.109221
13|0||6	9.108471
13|0||7	9.117749
13|0||8	9.633815
13|0||9	9.629906
13|10||0	6.069749
13|10||10	9.300140
13|10||11	9.494422
13|10||12	9.406294
13|10||13	6.974234
13|10||14	9.077851
13|10||2	9.152430
13|10||3	8.900025
13|10||4	8.639521
13|10||5	8.900025
13|10||6	8.899349
13|10||7	9.149255
13|10||8	9.509321
13|10||9	9.501610
13|11||0	6.085743
13|11||10	9.505903
13|11||11	9.307599
13|11||12	9.422066
13|11||13	6.988005
13|11||14	9.090634
13|11||2	9.163443
13|11||3	8.910270
13|11||4	8.651313
13|11||5	8.910270
13|11||6	8.909644
13|11||7	9.161123
13|11||8	9.522368
13|11||9	9.515862
13|12||0	6.065924
13|12||10	9.519680
13|12||11	9.506531
13|12||12	9.221554
13|12||13	6.853342
13|12||14	9.118740
13|12||2	9.179019
13|12||3	8.914487
13|12||4	8.682692
13|12||5	8.914487
13|12||6	8.913878
13|12||7	9.177087
13|12||8	9.533892
13|12||9	9.528236
13|13||0	4.591518
13|13||10	8.950801
13|13||11	8.946321
13|13||12	8.871286
13|13||14	7.320187
13|13||2	8.007990
13|13||3	8.959933
13|13||4	6.657268
13|13||5	8.959933
13|13||6	8.958974
13|13||7	8.006078
13|13||8	8.957211
13|13||9	8.954309
13|14||0	6.006397
13|14||10	9.387489
13|14||11	9.377097
13|14||12	9.145277
13|14||13	6.657474
13|14||14	9.174091
13|14||2	9.060531
13|14||3	8.736324
13|14||4	8.576195
13|14||5	8.736324
13|14||6	8.735906
13|14||7	9.059033
13|14||8	9.398698
13|14||9	9.394538
13|2||0	5.556369
13|2||10	8.907886
13|2||11	8.900910
13|2||12	8.815993
13|2||13	6.403754
13|2||14	8.603413
13|2||2	8.414697
13|2||3	8.271685
13|2||4	8.188986
13|2||5	8.271691
13|2||6	8.270882
13|2||7	8.502006
13|2||8	8.919863
13|2||9	8.914559
13|3||0	5.226661
13|3||10	8.567000
13|3||11	8.560368
13|3||12	8.475530
13|3||13	6.103006
13|3||14	8.245494
13|3||2	8.214070
13|3||3	7.753495
13|3||4	7.591355
13|3||5	7.977217
13|3||6	7.976449
13|3||7	8.210564
13|3||8	8.578816
13|3||9	8.573552
13|4||0	5.049709
13|4||10	8.328666
13|4||11	8.320340
13|4||12	8.238781
13|4||13	5.825783
13|4||14	8.085254
13|4||2	8.067424
13|4||3	7.548942
13|4||4	7.530017
13|4||5	7.548948
13|4||6	7.548135
13|4||7	8.063785
13|4||8	8.341834
13|4||9	8.335848
13|5||0	5.226662
13|5||10	8.567001
13|5||11	8.560369
13|5||12	8.475531
13|5||13	6.103006
13|5||14	8.245496
13|5||2	8.214071
13|5||3	7.977218
13|5||4	7.591357
13|5||5	7.753496
13|5||6	7.976450
13|5||7	8.210565
13|5||8	8.578817
13|5||9	8.573553
13|6||0	5.225854
13|6||10	8.565957
13|6||11	8.559331
13|6||12	8.474378
13|6||13	6.102246
13|6||14	8.244399
13|6||2	8.213204
13|6||3	7.976375
13|6||4	7.590534
13|6||5	7.976375
13|6||6	7.752208
13|6||7	8.209658
13|6||8	8.577803
13|6||9	8.572550
13|7||0	5.554007
13|7||10	8.904598
13|7||11	8.897653
13|7||12	8.812396
13|7||13	6.401548
13|7||14	8.600282
13|7||2	8.503031
13|7||3	8.268907
13|7||4	8.186353
13|7||5	8.268907
13|7||6	8.267978
13|7||7	8.408559
13|7||8	8.916618
13|7||9	8.911272
13|8||0	6.065871
13|8||10	9.495938
13|8||11	9.489701
13|8||12	9.403279
13|8||13	6.971024
13|8||14	9.076531
13|8||2	9.150554
13|8||3	8.899276
13|8||4	8.638300
13|8||5	8.899276
13|8||6	8.898359
13|8||7	9.146196
13|8||8	9.304459
13|8||9	9.501483
13|9||0	6.064705
13|9||10	9.494943
13|9||11	9.489066
13|9||12	9.401579
13|9||13	6.969887
13|9||14	9.074649
13|9||2	9.149144
13|9||3	8.897254
13|9||4	8.637229
13|9||5	8.897254
13|9||6	8.896408
13|9||7	9.145202
13|9||8	9.504561
13|9||9	9.300562
13||0|0	10.511776
13||0|10	14.878245
13||0|11	14.877012
13||0|12	14.694666
13||0|13	11.462030
13||0|14	13.793826
13||0|2	14.775805
13||0|3	14.896086
13||0|4	14.775805
13||0|5	14.896086
13||0|6	14.895268
13||0|7	14.772921
13||0|8	14.883740
13||0|9	14.880508
13||10|0	-9.000000
13||10|10	-9.000000
13||10|11	-9.000000
13||10|12	-9.000000
13||10|13	-9.000000
13||10|14	-9.000000
13||10|2	-9.000000
13||10|3	-9.000000
13||10|4	-9.000000
13||10|5	-9.000000
13||10|6	-9.000000
13||10|7	-9.000000
13||10|8	-9.000000
13||10|9	-9.000000
13||11|0	-9.000000
13||11|10	-9.000000
13||11|11	-9.000000
13||11|12	-9.000000
13||11|13	-9.000000
13||11|14	-9.000000
13||11|2	-9.000000
13||11|3	-9.000000
13||11|4	-9.000000
13||11|5	-9.000000
13||11|6	-9.000000
13||11|7	-9.000000
13||11|8	-9.000000
13||11|9	-9.000000
13||12|0	-9.000000
13||12|10	-9.000000
13||12|11	-9.000000
13||12|12	-9.000000
13||12|13	-9.000000
13||12|14	-9.000000
13||12|2	-9.000000
13||12|3	-9.000000
13||12|4	-9.000000
13||12|5	-9.000000
13||12|6	-9.000000
13||12|7	-9.000000
13||12|8	-9.000000
13||12|9	-9.000000
13||13|0	-8.179261
13||13|10	-7.251723
13||13|11	-7.255274
13||13|12	-7.281895
13||13|14	-7.242337
13||13|2	-7.432797
13||13|3	-7.467001
13||13|4	-7.399120
13||13|5	-7.420478
13||13|6	-7.420682
13||13|7	-7.244577
13||13|8	-7.246343
13||13|9	-7.248681
13||14|0	1.150717
13||14|10	4.041211
13||14|11	4.035882
13||14|12	3.981771
13||14|13	1.906956
13||14|14	2.119955
13||14|2	4.065922
13||14|3	4.064621
13||14|4	4.065922
13||14|5	4.064622
13||14|6	4.063087
13||14|7	4.060808
13||14|8	4.056883
13||14|9	4.049422
13||2|0	5.618867
13||2|10	9.187849
13||2|11	9.185883
13||2|12	9.104624
13||2|13	6.737382
13||2|14	8.595033
13||2|2	9.255396
13||2|3	9.255396
13||2|4	7.026836
13||2|5	9.255396
13||2|6	9.254677
13||2|7	9.195883
13||2|8	9.193141
13||2|9	9.190637
13||3|0	8.007311
13||3|10	11.373657
13||3|11	11.366562
13||3|12	11.249259
13||3|13	8.587914
13||3|14	11.260476
13||3|2	11.399028
13||3|3	10.360989
13||3|4	11.399028
13||3|5	10.525420
13||3|6	10.524661
13||3|7	11.394753
13||3|8	11.390334
13||3|9	11.382691
13||4|0	11.254805
13||4|10	15.221562
13||4|11	15.218300
13||4|12	15.161371
13||4|13	12.186790
13||4|14	14.411407
13||4|2	14.168888
13||4|3	15.320987
13||4|4	15.320987
13||4|5	15.320987
13||4|6	15.320038
13||4|7	14.166557
13||4|8	15.228870
13||4|9	15.225310
13||5|0	8.007311
13||5|10	11.373659
13||5|11	11.366565
13||5|12	11.249263
13||5|13	8.587914
13||5|14	11.260478
13||5|2	11.399030
13||5|3	10.525421
13||5|4	11.399030
13||5|5	10.360991
13||5|6	10.524663
13||5|7	11.394759
13||5|8	11.390337
13||5|9	11.382694
13||6|0	8.006584
13||6|10	11.372656
13||6|11	11.365597
13||6|12	11.248277
13||6|13	8.587211
13||6|14	11.259473
13||6|2	11.398127
13||6|3	10.524635
13||6|4	11.398127
13||6|5	10.524635
13||6|6	10.359795
13||6|7	11.393848
13||6|8	11.389377
13||6|9	11.381688
13||7|0	5.616492
13||7|10	9.185083
13||7|11	9.183013
13||7|12	9.100493
13||7|13	6.735040
13||7|14	8.591951
13||7|2	9.195883
13||7|3	9.252855
13||7|4	7.024110
13||7|5	9.252854
13||7|6	9.252119
13||7|7	9.250976
13||7|8	9.190327
13||7|9	9.187837
13||8|0	-9.000000
13||8|10	-9.000000
13||8|11	-9.000000
13||8|12	-9.000000
13||8|13	-9.000000
13||8|14	-9.000000
13||8|2	-9.000000
13||8|3	-9.000000
13||8|4	-9.000000
13||8|5	-9.000000
13||8|6	-9.000000
13||8|7	-9.000000
13||8|8	-9.000000
13||8|9	-9.000000
13||9|0	-9.000000
13||9|10	-9.000000
13||9|11	-9.000000
13||9|12	-9.000000
13||9|13	-9.000000
13||9|14	-9.000000
13||9|2	-9.000000
13||9|3	-9.000000
13||9|4	-9.000000
13||9|5	-9.000000
13||9|6	-9.000000
13||9|7	-9.000000
13||9|8	-9.000000
13||9|9	-9.000000
14,14|||0	18.695770
14,14|||10	23.807295
14,14|||11	23.807295
14,14|||12	23.807295
14,14|||13	21.821396
14,14|||14	24.179407
14,14|||2	22.886453
14,14|||3	23.928495
14,14|||4	21.089632
14,14|||5	23.928495
14,14|||6	23.928495
14,14|||7	22.886453
14,14|||8	23.807295
14,14|||9	23.807295
14|0||0	10.265744
14|0||10	15.548716
14|0||11	15.541188
14|0||12	15.400745
14|0||13	15.411252
14|0||14	12.371527
14|0||2	14.730597
14|0||3	15.317051
14|0||4	12.986189
14|0||5	15.317051
14|0||6	15.316702
14|0||7	14.729463
14|0||8	15.556077
14|0||9	15.554070
14|10||0	9.313399
14|10||10	12.623677
14|10||11	13.636416
14|10||12	13.496499
14|10||13	12.666165
14|10||14	11.433028
14|10||2	12.943961
14|10||3	13.580628
14|10||4	11.689164
14|10||5	13.580628
14|10||6	13.579200
14|10||7	12.941037
14|10||8	13.653566
14|10||9	13.650384
14|11||0	9.301246
14|11||10	13.629368
14|11||11	12.605456
14|11||12	13.479845
14|11||13	12.650075
14|11||14	11.416393
14|11||2	12.929921
14|11||3	13.565891
14|11||4	11.676118
14|11||5	13.565891
14|11||6	13.564456
14|11||7	12.926999
14|11||8	13.639714
14|11||9	13.636699
14|12||0	9.008185
14|12||10	13.311399
14|12||11	13.299841
14|12||12	12.229778
14|12||13	12.299294
14|12||14	10.994495
14|12||2	12.613487
14|12||3	13.268061
14|12||4	11.370462
14|12||5	13.268061
14|12||6	13.266259
14|12||7	12.609572
14|12||8	13.324472
14|12||9	13.319861
14|13||0	13.979897
14|13||10	18.982334
14|13||11	18.974343
14|13||12	18.859451
14|13||13	19.014446
14|13||14	15.733697
14|13||2	17.728552
14|13||3	18.992349
14|13||4	15.930315
14|13||5	18.992349
14|13||6	18.991793
14|13||7	17.727494
14|13||8	18.990863
14|13||9	18.988214
14|14||0	5.600259
14|14||10	9.313984
14|14||11	9.304262
14|14||12	9.090953
14|14||13	8.071584
14|14||14	7.205823
14|14||2	8.789583
14|14||3	9.185084
14|14||4	7.824681
14|14||5	9.185084
14|14||6	9.183620
14|14||7	8.786417
14|14||8	9.323528
14|14||9	9.319949
14|2||0	7.720377
14|2||10	11.836928
14|2||11	11.827018
14|2||12	11.664493
14|2||13	10.872378
14|2||14	9.933434
14|2||2	10.265771
14|2||3	11.706648
14|2||4	10.266272
14|2||5	11.706648
14|2||6	11.705465
14|2||7	10.961830
14|2||8	11.846085
14|2||9	11.843412
14|3||0	8.220171
14|3||10	12.433172
14|3||11	12.424802
14|3||12	12.281566
14|3||13	11.257015
14|3||14	10.417325
14|3||2	11.696450
14|3||3	11.152746
14|3||4	10.497520
14|3||5	12.332234
14|3||6	12.331186
14|3||7	11.693924
14|3||8	12.441623
14|3||9	12.439036
14|4||0	6.029247
14|4||10	10.052135
14|4||11	10.042003
14|4||12	9.859665
14|4||13	9.096531
14|4||14	8.407861
14|4||2	9.534113
14|4||3	9.883262
14|4||4	7.630041
14|4||5	9.883264
14|4||6	9.882132
14|4||7	9.531331
14|4||8	10.062285
14|4||9	10.059311
14|5||0	8.220150
14|5||10	12.433172
14|5||11	12.424802
14|5||12	12.281566
14|5||13	11.257015
14|5||14	10.417306
14|5||2	11.696450
14|5||3	12.332234
14|5||4	10.497516
14|5||5	11.152746
14|5||6	12.331186
14|5||7	11.693924
14|5||8	12.441623
14|5||9	12.439036
14|6||0	8.218674
14|6||10	12.431224
14|6||11	12.422851
14|6||12	12.279475
14|6||13	11.255073
14|6||14	10.415207
14|6||2	11.694729
14|6||3	12.330536
14|6||4	10.495967
14|6||5	12.330536
14|6||6	11.150452
14|6||7	11.692173
14|6||8	12.439849
14|6||9	12.437139
14|7||0	7.716681
14|7||10	11.832215
14|7||11	11.822341
14|7||12	11.659312
14|7||13	10.868289
14|7||14	9.928449
14|7||2	10.960386
14|7||3	11.702268
14|7||4	10.262805
14|7||5	11.702268
14|7||6	11.700894
14|7||7	10.259611
14|7||8	11.841598
14|7||9	11.838759
14|8||0	9.328423
14|8||10	13.662577
14|8||11	13.655076
14|8||12	13.516594
14|8||13	12.685372
14|8||14	11.452910
14|8||2	12.960208
14|8||3	13.597189
14|8||4	11.704303
14|8||5	13.597189
14|8||6	13.595901
14|8||7	12.957338
14|8||8	12.645369
14|8||9	13.667709
14|9||0	9.322501
14|9||10	13.655397
14|9||11	13.648122
14|9||12	13.508479
14|9||13	12.677851
14|9||14	11.445220
14|9||2	12.954000
14|9||3	13.590964
14|9||4	11.698508
14|9||5	13.590964
14|9||6	13.589589
14|9||7	12.951129
14|9||8	13.663491
14|9||9	12.636845
14||0|0	19.347568
14||0|10	24.424890
14||0|11	24.416346
14||0|12	24.336020
14||0|13	22.793389
14||0|14	21.007414
14||0|2	24.229176
14||0|3	24.565208
14||0|4	24.229176
14||0|5	24.565208
14||0|6	24.563661
14||0|7	24.226795
14||0|8	24.435430
14||0|9	24.432532
14||10|0	-9.000000
14||10|10	-9.000000
14||10|11	-9.000000
14||10|12	-9.000000
14||10|13	-9.000000
14||10|14	-9.000000
14||10|2	-9.000000
14||10|3	-9.000000
14||10|4	-9.000000
14||10|5	-9.000000
14||10|6	-9.000000
14||10|7	-9.000000
14||10|8	-9.000000
14||10|9	-9.000000
14||11|0	-9.000000
14||11|10	-9.000000
14||11|11	-9.000000
14||11|12	-9.000000
14||11|13	-9.000000
14||11|14	-9.000000
14||11|2	-9.000000
14||11|3	-9.000000
14||11|4	-9.000000
14||11|5	-9.000000
14||11|6	-9.000000
14||11|7	-9.000000
14||11|8	-9.000000
14||11|9	-9.000000
14||12|0	-9.000000
14||12|10	-9.000000
14||12|11	-9.000000
14||12|12	-9.000000
14||12|13	-9.000000
14||12|14	-9.000000
14||12|2	-9.000000
14||12|3	-9.000000
14||12|4	-9.000000
14||12|5	-9.000000
14||12|6	-9.000000
14||12|7	-9.000000
14||12|8	-9.000000
14||12|9	-9.000000
14||13|0	-7.382887
14||13|10	-6.534988
14||13|11	-6.540550
14||13|12	-6.581376
14||13|13	-7.310132
14||13|14	-6.500835
14||13|2	-6.763869
14||13|3	-6.808283
14||13|4	-6.721281
14||13|5	-6.749255
14||13|6	-6.749637
14||13|7	-6.523209
14||13|8	-6.526304
14||13|9	-6.530280
14||14|0	-3.171242
14||14|10	-1.540767
14||14|11	-1.586733
14||14|12	-1.897578
14||14|13	-1.481648
14||14|14	-2.984272
14||14|2	-1.508004
14||14|3	-1.512399
14||14|4	-1.508004
14||14|5	-1.512399
14||14|6	-1.513794
14||14|7	-1.512274
14||14|8	-1.517690
14||14|9	-1.526141
14||2|0	11.665337
14||2|10	15.997234
14||2|11	15.991354
14||2|12	15.915127
14||2|13	14.459465
14||2|14	13.730815
14||2|2	16.187380
14||2|3	16.187380
14||2|4	13.447453
14||2|5	16.187380
14||2|6	16.185913
14||2|7	16.004413
14||2|8	16.004232
14||2|9	16.002278
14||3|0	4.900687
14||3|10	8.060657
14||3|11	8.047904
14||3|12	7.718438
14||3|13	8.173736
14||3|14	7.036349
14||3|2	8.082495
14||3|3	6.042890
14||3|4	8.082495
14||3|5	7.988247
14||3|6	7.987190
14||3|7	8.079656
14||3|8	8.076570
14||3|9	8.071835
14||4|0	19.380488
14||4|10	23.749494
14||4|11	23.745363
14||4|12	23.686665
14||4|13	21.881339
14||4|14	21.211036
14||4|2	22.453234
14||4|3	24.001530
14||4|4	24.001530
14||4|5	24.001530
14||4|6	23.999962
14||4|7	22.451654
14||4|8	23.753023
14||4|9	23.753270
14||5|0	4.900687
14||5|10	8.060657
14||5|11	8.047904
14||5|12	7.718438
14||5|13	8.173736
14||5|14	7.036349
14||5|2	8.082495
14||5|3	7.988247
14||5|4	8.082495
14||5|5	6.042890
14||5|6	7.987190
14||5|7	8.079656
14||5|8	8.076570
14||5|9	8.071835
14||6|0	4.899400
14||6|10	8.059126
14||6|11	8.046387
14||6|12	7.716906
14||6|13	8.172143
14||6|14	7.034722
14||6|2	8.080928
14||6|3	7.987043
14||6|4	8.080928
14||6|5	7.987043
14||6|6	6.040547
14||6|7	8.078240
14||6|8	8.075144
14||6|9	8.070318
14||7|0	11.663896
14||7|10	15.995700
14||7|11	15.989943
14||7|12	15.913664
14||7|13	14.458243
14||7|14	13.729902
14||7|2	16.004413
14||7|3	16.185906
14||7|4	13.446268
14||7|5	16.185906
14||7|6	16.184611
14||7|7	16.182683
14||7|8	16.002432
14||7|9	16.000708
14||8|0	-9.000000
14||8|10	-9.000000
14||8|11	-9.000000
14||8|12	-9.000000
14||8|13	-9.000000
14||8|14	-9.000000
14||8|2	-9.000000
14||8|3	-9.000000
14||8|4	-9.000000
14||8|5	-9.000000
14||8|6	-9.000000
14||8|7	-9.000000
14||8|8	-9.000000
14||8|9	-9.000000
14||9|0	-9.000000
14||9|10	-9.000000
14||9|11	-9.000000
14||9|12	-9.000000
14||9|13	-9.000000
14||9|14	-9.000000
14||9|2	-9.000000
14||9|3	-9.000000
14||9|4	-9.000000
14||9|5	-9.000000
14||9|6	-9.000000
14||9|7	-9.000000
14||9|8	-9.000000
14||9|9	-9.000000
2,10|||0	0.600114
2,10|||10	1.240407
2,10|||11	1.665984
2,10|||12	1.665984
2,10|||13	1.594142
2,10|||14	1.630892
2,10|||2	1.460036
2,10|||3	1.423363
2,10|||4	1.228688
2,10|||5	1.423363
2,10|||6	1.423363
2,10|||7	1.463171
2,10|||8	1.665984
2,10|||9	1.665984
2,11|||0	0.972177
2,11|||10	2.113822
2,11|||11	1.605040
2,11|||12	2.113822
2,11|||13	2.045745
2,11|||14	2.076610
2,11|||2	1.899441
2,11|||3	1.856370
2,11|||4	1.663072
2,11|||5	1.856370
2,11|||6	1.856370
2,11|||7	1.902859
2,11|||8	2.113822
2,11|||9	2.113822
2,12|||0	3.797620
2,12|||10	5.521386
2,12|||11	5.521386
2,12|||12	4.443586
2,12|||13	5.485204
2,12|||14	5.469595
2,12|||2	5.244386
2,12|||3	5.131783
2,12|||4	4.973660
2,12|||5	5.131783
2,12|||6	5.131783
2,12|||7	5.250644
2,12|||8	5.521386
2,12|||9	5.521386
2,13|||0	4.473239
2,13|||10	7.738122
2,13|||11	7.738122
2,13|||12	7.738122
2,13|||13	4.871408
2,13|||14	7.654085
2,13|||2	7.394604
2,13|||3	7.072797
2,13|||4	7.094233
2,13|||5	7.072797
2,13|||6	7.072797
2,13|||7	7.401620
2,13|||8	7.738122
2,13|||9	7.738122
2,14|||0	5.909376
2,14|||10	9.660818
2,14|||11	9.660818
2,14|||12	9.660818
2,14|||13	8.447189
2,14|||14	7.799708
2,14|||2	8.955870
2,14|||3	9.667418
2,14|||4	8.086908
2,14|||5	9.667418
2,14|||6	9.667418
2,14|||7	8.917071
2,14|||8	9.660818
2,14|||9	9.660818
2,2|||0	1.951855
2,2|||10	5.436582
2,2|||11	5.436582
2,2|||12	5.436582
2,2|||13	3.283465
2,2|||14	5.419336
2,2|||2	3.168388
2,2|||3	5.342038
2,2|||4	3.894938
2,2|||5	5.342038
2,2|||6	5.342038
2,2|||7	4.144721
2,2|||8	5.436582
2,2|||9	5.436582
2,3|||0	-1.393871
2,3|||10	-0.579074
2,3|||11	-0.579074
2,3|||12	-0.579074
2,3|||13	-0.694774
2,3|||14	-0.605357
2,3|||2	-0.762196
2,3|||3	-0.719906
2,3|||4	-1.010894
2,3|||5	-0.720074
2,3|||6	-0.720074
2,3|||7	-0.761954
2,3|||8	-0.579074
2,3|||9	-0.579074
2,4|||0	-1.580006
2,4|||10	-0.808782
2,4|||11	-0.808782
2,4|||12	-0.808782
2,4|||13	-0.892190
2,4|||14	-0.837168
2,4|||2	-0.943199
2,4|||3	-1.010894
2,4|||4	-1.178363
2,4|||5	-1.010894
2,4|||6	-1.010894
2,4|||7	-0.942639
2,4|||8	-0.808782
2,4|||9	-0.808782
2,5|||0	-1.393871
2,5|||10	-0.579074
2,5|||11	-0.579074
2,5|||12	-0.579074
2,5|||13	-0.694774
2,5|||14	-0.605357
2,5|||2	-0.762196
2,5|||3	-0.720074
2,5|||4	-1.010894
2,5|||5	-0.719906
2,5|||6	-0.720074
2,5|||7	-0.761954
2,5|||8	-0.579074
2,5|||9	-0.579074
2,6|||0	-1.227112
2,6|||10	-0.363441
2,6|||11	-0.363441
2,6|||12	-0.363441
2,6|||13	-0.478527
2,6|||14	-0.391918
2,6|||2	-0.553694
2,6|||3	-0.512364
2,6|||4	-0.812933
2,6|||5	-0.512364
2,6|||6	-0.585656
2,6|||7	-0.553137
2,6|||8	-0.363441
2,6|||9	-0.363441
2,7|||0	-0.852893
2,7|||10	-0.015102
2,7|||11	-0.015102
2,7|||12	-0.015102
2,7|||13	-0.085887
2,7|||14	-0.047728
2,7|||2	-0.245674
2,7|||3	-0.231665
2,7|||4	-0.334280
2,7|||5	-0.231665
2,7|||6	-0.231665
2,7|||7	-0.359821
2,7|||8	-0.015102
2,7|||9	-0.015102
2,8|||0	-0.143732
2,8|||10	0.771229
2,8|||11	0.771229
2,8|||12	0.771229
2,8|||13	0.691598
2,8|||14	0.740912
2,8|||2	0.582006
2,8|||3	0.558866
2,8|||4	0.361516
2,8|||5	0.558866
2,8|||6	0.558866
2,8|||7	0.584576
2,8|||8	0.514224
2,8|||9	0.771229
2,9|||0	0.228153
2,9|||10	1.218530
2,9|||11	1.218530
2,9|||12	1.218530
2,9|||13	1.142807
2,9|||14	1.185830
2,9|||2	1.020949
2,9|||3	0.990662
2,9|||4	0.794918
2,9|||5	0.990662
2,9|||6	0.990662
2,9|||7	1.023801
2,9|||8	1.218530
2,9|||9	0.877163
2|0||0	2.808869
2|0||10	6.802462
2|0||11	6.793325
2|0||12	6.650278
2|0||13	6.637377
2|0||14	5.621655
2|0||2	5.316998
2|0||3	6.546256
2|0||4	5.328505
2|0||5	6.546256
2|0||6	6.545246
2|0||7	5.936230
2|0||8	6.813643
2|0||9	6.809344
2|10||0	2.681391
2|10||10	5.109284
2|10||11	5.343493
2|10||12	5.063749
2|10||13	4.536239
2|10||14	4.640095
2|10||2	4.818622
2|10||3	5.075888
2|10||4	4.515823
2|10||5	5.075888
2|10||6	5.074586
2|10||7	4.926217
2|10||8	5.374554
2|10||9	5.368512
2|11||0	2.663609
2|11||10	5.342740
2|11||11	5.082754
2|11||12	5.043203
2|11||13	4.513875
2|11||14	4.622610
2|11||2	4.802923
2|11||3	5.062082
2|11||4	4.499176
2|11||5	5.062082
2|11||6	5.060702
2|11||7	4.910713
2|11||8	5.358608
2|11||9	5.352377
2|12||0	2.321256
2|12||10	4.984491
2|12||11	4.963988
2|12||12	4.528411
2|12||13	4.082124
2|12||14	4.226115
2|12||2	4.431897
2|12||3	4.723108
2|12||4	4.160574
2|12||5	4.723108
2|12||6	4.721577
2|12||7	4.550353
2|12||8	5.003183
2|12||9	4.996087
2|13||0	4.998344
2|13||10	9.524751
2|13||11	9.517568
2|13||12	9.454284
2|13||13	9.519542
2|13||14	8.121253
2|13||2	7.070900
2|13||3	9.537267
2|13||4	7.184130
2|13||5	9.537267
2|13||6	9.535787
2|13||7	8.001886
2|13||8	9.533379
2|13||9	9.529494
2|14||0	1.853582
2|14||10	4.158335
2|14||11	4.139609
2|14||12	3.794847
2|14||13	3.295275
2|14||14	3.854448
2|14||2	3.667560
2|14||3	3.820208
2|14||4	3.490288
2|14||5	3.820208
2|14||6	3.818927
2|14||7	3.796637
2|14||8	4.175981
2|14||9	4.168743
2|2||0	1.961738
2|2||10	4.326088
2|2||11	4.307970
2|2||12	3.984868
2|2||13	3.590324
2|2||14	3.821393
2|2||2	3.701786
2|2||3	3.957794
2|2||4	3.717916
2|2||5	3.957794
2|2||6	3.956475
2|2||7	3.894494
2|2||8	4.341954
2|2||9	4.335782
2|3||0	2.149615
2|3||10	4.748138
2|3||11	4.732096
2|3||12	4.453162
2|3||13	3.889644
2|3||14	4.121912
2|3||2	4.157620
2|3||3	4.179923
2|3||4	3.845885
2|3||5	4.475907
2|3||6	4.474791
2|3||7	4.284671
2|3||8	4.761763
2|3||9	4.756315
2|4||0	1.718607
2|4||10	4.155999
2|4||11	4.139031
2|4||12	3.832301
2|4||13	3.378850
2|4||14	3.692923
2|4||2	3.769481
2|4||3	3.762825
2|4||4	3.252685
2|4||5	3.762841
2|4||6	3.761730
2|4||7	3.853846
2|4||8	4.172140
2|4||9	4.165948
2|5||0	2.149548
2|5||10	4.748088
2|5||11	4.732050
2|5||12	4.453118
2|5||13	3.889644
2|5||14	4.121857
2|5||2	4.157566
2|5||3	4.475865
2|5||4	3.845840
2|5||5	4.179871
2|5||6	4.474760
2|5||7	4.284619
2|5||8	4.761712
2|5||9	4.756263
2|6||0	2.148668
2|6||10	4.746734
2|6||11	4.730668
2|6||12	4.451678
2|6||13	3.888360
2|6||14	4.120561
2|6||2	4.156327
2|6||3	4.474657
2|6||4	3.844761
2|6||5	4.474669
2|6||6	4.177764
2|6||7	4.283338
2|6||8	4.760409
2|6||9	4.754948
2|7||0	2.106005
2|7||10	4.581461
2|7||11	4.564738
2|7||12	4.260703
2|7||13	3.823393
2|7||14	4.048613
2|7||2	4.032823
2|7||3	4.237947
2|7||4	3.915246
2|7||5	4.237947
2|7||6	4.236679
2|7||7	3.982136
2|7||8	4.596284
2|7||9	4.590316
2|8||0	2.696707
2|8||10	5.370574
2|8||11	5.355103
2|8||12	5.077626
2|8||13	4.550545
2|8||14	4.651808
2|8||2	4.828710
2|8||3	5.085931
2|8||4	4.527712
2|8||5	5.085931
2|8||6	5.084670
2|8||7	4.936133
2|8||8	5.133756
2|8||9	5.378534
2|9||0	2.692105
2|9||10	5.366658
2|9||11	5.351074
2|9||12	5.072951
2|9||13	4.546058
2|9||14	4.647496
2|9||2	4.824844
2|9||3	5.082083
2|9||4	4.523654
2|9||5	5.082083
2|9||6	5.080812
2|9||7	4.932340
2|9||8	5.380654
2|9||9	5.123667
2||0|0	8.429935
2||0|10	12.377354
2||0|11	12.368874
2||0|12	12.083252
2||0|13	10.759921
2||0|14	10.853779
2||0|2	11.471335
2||0|3	12.413744
2||0|4	12.055612
2||0|5	12.413744
2||0|6	12.412569
2||0|7	12.052627
2||0|8	12.390552
2||0|9	12.384665
2||10|0	-8.964176
2||10|10	-8.908815
2||10|11	-8.905511
2||10|12	-8.905511
2||10|13	-8.983361
2||10|14	-8.906024
2||10|2	-8.903752
2||10|3	-8.907803
2||10|4	-8.905930
2||10|5	-8.908049
2||10|6	-8.909144
2||10|7	-8.905313
2||10|8	-8.905320
2||10|9	-8.905327
2||11|0	-8.961365
2||11|10	-8.879497
2||11|11	-8.881455
2||11|12	-8.879497
2||11|13	-8.972243
2||11|14	-8.879945
2||11|2	-8.877398
2||11|3	-8.881455
2||11|4	-8.879497
2||11|5	-8.881455
2||11|6	-8.881455
2||11|7	-8.879497
2||11|8	-8.879497
2||11|9	-8.879497
2||12|0	-8.961365
2||12|10	-8.880184
2||12|11	-8.880184
2||12|12	-8.882163
2||12|13	-8.972600
2||12|14	-8.879945
2||12|2	-8.877398
2||12|3	-8.881455
2||12|4	-8.879497
2||12|5	-8.881455
2||12|6	-8.881455
2||12|7	-8.879497
2||12|8	-8.879497
2||12|9	-8.879497
2||13|0	-7.541882
2||13|10	-6.749974
2||13|11	-6.754859
2||13|12	-6.790887
2||13|13	-7.469997
2||13|14	-6.735754
2||13|2	-7.026962
2||13|3	-7.026972
2||13|4	-6.930698
2||13|5	-6.958548
2||13|6	-6.958875
2||13|7	-6.739543
2||13|8	-6.742306
2||13|9	-6.745826
2||14|0	-1.406154
2||14|10	0.469838
2||14|11	0.452521
2||14|12	0.079525
2||14|13	0.000716
2||14|14	-0.879149
2||14|2	0.492835
2||14|3	0.492763
2||14|4	0.496891
2||14|5	0.492763
2||14|6	0.491083
2||14|7	0.492461
2||14|8	0.488226
2||14|9	0.480376
2||2|0	3.964753
2||2|10	7.292027
2||2|11	7.283584
2||2|12	7.098845
2||2|13	5.953218
2||2|14	6.211368
2||2|2	6.842474
2||2|3	7.359609
2||2|4	5.389153
2||2|5	7.359609
2||2|6	7.358305
2||2|7	7.304942
2||2|8	7.302398
2||2|9	7.298792
2||3|0	3.347410
2||3|10	5.528737
2||3|11	5.509700
2||3|12	5.070783
2||3|13	4.746952
2||3|14	5.398417
2||3|2	5.564329
2||3|3	4.697214
2||3|4	5.558731
2||3|5	4.990835
2||3|6	4.989560
2||3|7	5.552774
2||3|8	5.547684
2||3|9	5.541011
2||4|0	8.149875
2||4|10	11.913789
2||4|11	11.902679
2||4|12	11.695058
2||4|13	10.111363
2||4|14	10.590392
2||4|2	10.145104
2||4|3	12.017958
2||4|4	12.017958
2||4|5	12.017958
2||4|6	12.016291
2||4|7	10.561023
2||4|8	11.927243
2||4|9	11.922868
2||5|0	3.347410
2||5|10	5.528737
2||5|11	5.509700
2||5|12	5.070783
2||5|13	4.746952
2||5|14	5.398417
2||5|2	5.564329
2||5|3	4.990835
2||5|4	5.558731
2||5|5	4.697214
2||5|6	4.989560
2||5|7	5.552774
2||5|8	5.547684
2||5|9	5.541011
2||6|0	3.346334
2||6|10	5.527048
2||6|11	5.507829
2||6|12	5.069004
2||6|13	4.745525
2||6|14	5.396752
2||6|2	5.562748
2||6|3	4.989668
2||6|4	5.557134
2||6|5	4.989668
2||6|6	4.694353
2||6|7	5.551103
2||6|8	5.546016
2||6|9	5.539341
2||7|0	4.470292
2||7|10	8.052618
2||7|11	8.045489
2||7|12	7.887088
2||7|13	6.407492
2||7|14	7.067427
2||7|2	7.304942
2||7|3	8.128535
2||7|4	6.039818
2||7|5	8.128535
2||7|6	8.127368
2||7|7	8.125815
2||7|8	8.061709
2||7|9	8.058589
2||8|0	-8.961599
2||8|10	-8.885831
2||8|11	-8.885831
2||8|12	-8.885831
2||8|13	-8.975299
2||8|14	-8.885665
2||8|2	-8.883357
2||8|3	-8.887547
2||8|4	-8.885282
2||8|5	-8.887537
2||8|6	-8.887912
2||8|7	-8.885406
2||8|8	-8.888056
2||8|9	-8.885831
2||9|0	-8.961622
2||9|10	-8.888471
2||9|11	-8.888471
2||9|12	-8.888471
2||9|13	-8.976676
2||9|14	-8.888099
2||9|2	-8.879960
2||9|3	-8.884004
2||9|4	-8.882003
2||9|5	-8.883996
2||9|6	-8.884162
2||9|7	-8.882026
2||9|8	-8.882026
2||9|9	-8.884211
3,10|||0	0.487193
3,10|||10	1.177015
3,10|||11	1.598554
3,10|||12	1.598554
3,10|||13	1.511139
3,10|||14	1.563527
3,10|||2	1.423363
3,10|||3	1.391589
3,10|||4	1.072189
3,10|||5	1.390172
3,10|||6	1.390172
3,10|||7	1.423363
3,10|||8	1.598554
3,10|||9	1.598554
3,11|||0	0.849930
3,11|||10	2.038748
3,11|||11	1.534083
3,11|||12	2.038748
3,11|||13	1.954285
3,11|||14	2.001394
3,11|||2	1.856370
3,11|||3	1.811624
3,11|||4	1.492497
3,11|||5	1.810079
3,11|||6	1.810079
3,11|||7	1.856370
3,11|||8	2.038748
3,11|||9	2.038748
3,12|||0	3.611399
3,12|||10	5.391031
3,12|||11	5.391031
3,12|||12	4.301953
3,12|||13	5.331083
3,12|||14	5.337400
3,12|||2	5.131783
3,12|||3	5.023638
3,12|||4	4.704459
3,12|||5	5.019671
3,12|||6	5.019671
3,12|||7	5.131783
3,12|||8	5.391031
3,12|||9	5.391031
3,13|||0	4.150400
3,13|||10	7.393697
3,13|||11	7.393697
3,13|||12	7.393697
3,13|||13	4.566597
3,13|||14	7.314656
3,13|||2	7.072797
3,13|||3	6.754356
3,13|||4	6.530325
3,13|||5	6.750002
3,13|||6	6.750002
3,13|||7	7.072797
3,13|||8	7.393697
3,13|||9	7.393697
3,14|||0	6.479487
3,14|||10	10.344953
3,14|||11	10.344953
3,14|||12	10.344953
3,14|||13	9.012934
3,14|||14	8.390794
3,14|||2	9.667418
3,14|||3	10.448424
3,14|||4	8.588151
3,14|||5	10.352080
3,14|||6	10.352080
3,14|||7	9.667418
3,14|||8	10.344953
3,14|||9	10.344953
3,3|||0	2.258747
3,3|||10	6.298117
3,3|||11	6.298117
3,3|||12	6.298117
3,3|||13	3.633016
3,3|||14	6.277020
3,3|||2	5.535268
3,3|||3	3.521573
3,3|||4	4.294944
3,3|||5	6.248168
3,3|||6	6.248168
3,3|||7	5.535268
3,3|||8	6.298117
3,3|||9	6.298117
3,4|||0	-1.736826
3,4|||10	-0.894328
3,4|||11	-0.894328
3,4|||12	-0.894328
3,4|||13	-0.986526
3,4|||14	-0.923668
3,4|||2	-1.010894
3,4|||3	-1.094806
3,4|||4	-1.362077
3,4|||5	-1.095069
3,4|||6	-1.095069
3,4|||7	-1.010894
3,4|||8	-0.894328
3,4|||9	-0.894328
3,5|||0	-1.430373
3,5|||10	-0.556994
3,5|||11	-0.556994
3,5|||12	-0.556994
3,5|||13	-0.681977
3,5|||14	-0.583535
3,5|||2	-0.720074
3,5|||3	-0.674435
3,5|||4	-1.095069
3,5|||5	-0.674435
3,5|||6	-0.674510
3,5|||7	-0.720074
3,5|||8	-0.556994
3,5|||9	-0.556994
3,6|||0	-1.259959
3,6|||10	-0.339407
3,6|||11	-0.339407
3,6|||12	-0.339407
3,6|||13	-0.467757
3,6|||14	-0.370633
3,6|||2	-0.512364
3,6|||3	-0.456301
3,6|||4	-0.900192
3,6|||5	-0.456848
3,6|||6	-0.539936
3,6|||7	-0.512364
3,6|||8	-0.339407
3,6|||9	-0.339407
3,7|||0	-0.908535
3,7|||10	-0.027462
3,7|||11	-0.027462
3,7|||12	-0.027462
3,7|||13	-0.115445
3,7|||14	-0.060188
3,7|||2	-0.231665
3,7|||3	-0.214410
3,7|||4	-0.432366
3,7|||5	-0.215597
3,7|||6	-0.215597
3,7|||7	-0.348541
3,7|||8	-0.027462
3,7|||9	-0.027462
3,8|||0	-0.237093
3,8|||10	0.719937
3,8|||11	0.719937
3,8|||12	0.719937
3,8|||13	0.625498
3,8|||14	0.689639
3,8|||2	0.558866
3,8|||3	0.553143
3,8|||4	0.233600
3,8|||5	0.552044
3,8|||6	0.552044
3,8|||7	0.558866
3,8|||8	0.465236
3,8|||9	0.719937
3,9|||0	0.124950
3,9|||10	1.158612
3,9|||11	1.158612
3,9|||12	1.158612
3,9|||13	1.068199
3,9|||14	1.126040
3,9|||2	0.990662
3,9|||3	0.971957
3,9|||4	0.652415
3,9|||5	0.970695
3,9|||6	0.970695
3,9|||7	0.990662
3,9|||8	1.158612
3,9|||9	0.820271
3|0||0	2.613540
3|0||10	6.842628
3|0||11	6.834178
3|0||12	6.712939
3|0||13	6.692129
3|0||14	5.489017
3|0||2	6.202972
3|0||3	5.534469
3|0||4	5.005145
3|0||5	6.625745
3|0||6	6.624674
3|0||7	6.199976
3|0||8	6.853348
3|0||9	6.849231
3|10||0	2.622989
3|10||10	5.112597
3|10||11	5.384122
3|10||12	5.123714
3|10||13	4.576256
3|10||14	4.562817
3|10||2	4.998474
3|10||3	4.985254
3|10||4	4.364825
3|10||5	5.169492
3|10||6	5.168210
3|10||7	4.994969
3|10||8	5.411236
3|10||9	5.405590
3|11||0	2.603958
3|11||10	5.381764
3|11||11	5.087003
3|11||12	5.104011
3|11||13	4.554804
3|11||14	4.544237
3|11||2	4.984382
3|11||3	4.969943
3|11||4	4.348851
3|11||5	5.155785
3|11||6	5.154447
3|11||7	4.980587
3|11||8	5.396648
3|11||9	5.390812
3|12||0	2.258596
3|12||10	5.039265
3|12||11	5.020589
3|12||12	4.577885
3|12||13	4.124308
3|12||14	4.152811
3|12||2	4.640945
3|12||3	4.619345
3|12||4	4.024910
3|12||5	4.838750
3|12||6	4.837247
3|12||7	4.636888
3|12||8	5.057836
3|12||9	5.050940
3|13||0	5.719885
3|13||10	10.644575
3|13||11	10.637583
3|13||12	10.568818
3|13||13	10.618972
3|13||14	9.098498
3|13||2	9.582602
3|13||3	8.648348
3|13||4	8.043913
3|13||5	10.656959
3|13||6	10.655414
3|13||7	9.579605
3|13||8	10.653873
3|13||9	10.649702
3|14||0	1.681462
3|14||10	4.040761
3|14||11	4.022017
3|14||12	3.688657
3|14||13	3.195659
3|14||14	3.670283
3|14||2	3.730509
3|14||3	3.494350
3|14||4	3.220121
3|14||5	3.759388
3|14||6	3.758130
3|14||7	3.726723
3|14||8	4.057781
3|14||9	4.050921
3|2||0	2.080679
3|2||10	4.669955
3|2||11	4.654766
3|2||12	4.377687
3|2||13	3.895609
3|2||14	4.029655
3|2||2	4.064047
3|2||3	4.224545
3|2||4	3.819001
3|2||5	4.383258
3|2||6	4.382151
3|2||7	4.211534
3|2||8	4.683227
3|2||9	4.677719
3|3||0	1.795713
3|3||10	4.230324
3|3||11	4.212486
3|3||12	3.925977
3|3||13	3.469800
3|3||14	3.616836
3|3||2	3.883266
3|3||3	3.543216
3|3||4	3.302348
3|3||5	4.014265
3|3||6	4.013045
3|3||7	3.879823
3|3||8	4.245124
3|3||9	4.239720
3|4||0	1.457653
3|4||10	3.957633
3|4||11	3.941519
3|4||12	3.653739
3|4||13	3.216845
3|4||14	3.432344
3|4||2	3.694454
3|4||3	3.473136
3|4||4	2.874005
3|4||5	3.588706
3|4||6	3.587609
3|4||7	3.690972
3|4||8	3.972787
3|4||9	3.967269
3|5||0	2.111587
3|5||10	4.824625
3|5||11	4.809198
3|5||12	4.552386
3|5||13	3.956226
3|5||14	4.092702
3|5||2	4.399847
3|5||3	4.391100
3|5||4	3.711428
3|5||5	4.293148
3|5||6	4.618198
3|5||7	4.396772
3|5||8	4.837487
3|5||9	4.832299
3|6||0	2.110684
3|6||10	4.823264
3|6||11	4.807834
3|6||12	4.550965
3|6||13	3.954894
3|6||14	4.091388
3|6||2	4.398632
3|6||3	4.389756
3|6||4	3.710313
3|6||5	4.618087
3|6||6	4.291163
3|6||7	4.395495
3|6||8	4.836177
3|6||9	4.830976
3|7||0	2.078912
3|7||10	4.667015
3|7||11	4.651626
3|7||12	4.374635
3|7||13	3.892784
3|7||14	4.027054
3|7||2	4.212382
3|7||3	4.221747
3|7||4	3.816693
3|7||5	4.380731
3|7||6	4.379552
3|7||7	4.057586
3|7||8	4.680399
3|7||9	4.674873
3|8||0	2.638216
3|8||10	5.408383
3|8||11	5.395670
3|8||12	5.137759
3|8||13	4.590542
3|8||14	4.574577
3|8||2	5.008652
3|8||3	4.996894
3|8||4	4.376294
3|8||5	5.180044
3|8||6	5.178803
3|8||7	5.005203
3|8||8	5.135234
3|8||9	5.415935
3|9||0	2.633569
3|9||10	5.404321
3|9||11	5.391518
3|9||12	5.132810
3|9||13	4.585731
3|9||14	4.570104
3|9||2	5.004764
3|9||3	4.992401
3|9||4	4.372454
3|9||5	5.175963
3|9||6	5.174715
3|9||7	5.001309
3|9||8	5.417428
3|9||9	5.125753
3||0|0	8.304356
3||0|10	12.092814
3||0|11	12.084235
3||0|12	11.771578
3||0|13	10.707934
3||0|14	10.481121
3||0|2	11.886598
3||0|3	11.641730
3||0|4	11.886598
3||0|5	12.120784
3||0|6	12.119513
3||0|7	11.883346
3||0|8	12.106171
3||0|9	12.100353
3||10|0	-8.963089
3||10|10	-8.899084
3||10|11	-8.895412
3||10|12	-8.895723
3||10|13	-8.978596
3||10|14	-8.897261
3||10|2	-8.896203
3||10|3	-8.897667
3||10|4	-8.895576
3||10|5	-8.898367
3||10|6	-8.899271
3||10|7	-8.895609
3||10|8	-8.895584
3||10|9	-8.895584
3||11|0	-8.963089
3||11|10	-8.895376
3||11|11	-8.899051
3||11|12	-8.895612
3||11|13	-8.978432
3||11|14	-8.897020
3||11|2	-8.895923
3||11|3	-8.897432
3||11|4	-8.895284
3||11|5	-8.898079
3||11|6	-8.898973
3||11|7	-8.895319
3||11|8	-8.895294
3||11|9	-8.895295
3||12|0	-8.963089
3||12|10	-8.895377
3||12|11	-8.895381
3||12|12	-8.899350
3||12|13	-8.978557
3||12|14	-8.897200
3||12|2	-8.896151
3||12|3	-8.897612
3||12|4	-8.895512
3||12|5	-8.898304
3||12|6	-8.899200
3||12|7	-8.895539
3||12|8	-8.895514
3||12|9	-8.895514
3||13|0	-7.574851
3||13|10	-6.794513
3||13|11	-6.799289
3||13|12	-6.834501
3||13|13	-7.502841
3||13|14	-6.780597
3||13|2	-7.026964
3||13|3	-7.128345
3||13|4	-6.976033
3||13|5	-7.004584
3||13|6	-7.004905
3||13|7	-6.784309
3||13|8	-6.787014
3||13|9	-6.790457
3||14|0	-1.410654
3||14|10	0.465330
3||14|11	0.448059
3||14|12	0.075071
3||14|13	-0.003875
3||14|14	-0.883697
3||14|2	0.492835
3||14|3	0.478615
3||14|4	0.492835
3||14|5	0.486638
3||14|6	0.484982
3||14|7	0.488103
3||14|8	0.483768
3||14|9	0.475880
3||2|0	3.972694
3||2|10	7.310308
3||2|11	7.301867
3||2|12	7.117790
3||2|13	5.962327
3||2|14	6.229932
3||2|2	7.377863
3||2|3	6.849378
3||2|4	5.402900
3||2|5	7.377863
3||2|6	7.376558
3||2|7	7.323227
3||2|8	7.320682
3||2|9	7.317075
3||3|0	2.589767
3||3|10	4.666784
3||3|11	4.648782
3||3|12	4.210454
3||3|13	3.905116
3||3|14	4.588421
3||3|2	4.697298
3||3|3	3.691125
3||3|4	4.697298
3||3|5	3.983388
3||3|6	3.982025
3||3|7	4.691151
3||3|8	4.686063
3||3|9	4.678927
3||4|0	9.033928
3||4|10	13.025690
3||4|11	13.014736
3||4|12	12.824200
3||4|13	11.035796
3||4|14	11.634069
3||4|2	11.998753
3||4|3	12.283984
3||4|4	13.122916
3||4|5	13.122916
3||4|6	13.121327
3||4|7	11.995791
3||4|8	13.038667
3||4|9	13.034609
3||5|0	2.775463
3||5|10	4.965738
3||5|11	4.949625
3||5|12	4.553925
3||5|13	4.264341
3||5|14	4.798293
3||5|2	4.990901
3||5|3	4.339656
3||5|4	4.990901
3||5|5	3.983388
3||5|6	4.329909
3||5|7	4.986052
3||5|8	4.981983
3||5|9	4.976437
3||6|0	2.774585
3||6|10	4.964499
3||6|11	4.948246
3||6|12	4.552509
3||6|13	4.263152
3||6|14	4.796845
3||6|2	4.989734
3||6|3	4.338665
3||6|4	4.989734
3||6|5	4.330025
3||6|6	3.980906
3||6|7	4.984826
3||6|8	4.980758
3||6|9	4.975209
3||7|0	3.969926
3||7|10	7.306446
3||7|11	7.298110
3||7|12	7.113804
3||7|13	5.958632
3||7|14	6.226396
3||7|2	7.323227
3||7|3	6.845300
3||7|4	5.399745
3||7|5	7.374315
3||7|6	7.372957
3||7|7	7.371159
3||7|8	7.316961
3||7|9	7.313321
3||8|0	-8.963143
3||8|10	-8.902824
3||8|11	-8.902301
3||8|12	-8.901808
3||8|13	-8.981784
3||8|14	-8.902899
3||8|2	-8.901606
3||8|3	-8.903395
3||8|4	-8.902074
3||8|5	-8.904709
3||8|6	-8.905695
3||8|7	-8.902117
3||8|8	-8.905697
3||8|9	-8.901695
3||9|0	-8.963115
3||9|10	-8.900952
3||9|11	-8.900533
3||9|12	-8.900150
3||9|13	-8.980939
3||9|14	-8.901378
3||9|2	-8.899604
3||9|3	-8.901406
3||9|4	-8.899865
3||9|5	-8.902559
3||9|6	-8.903538
3||9|7	-8.899897
3||9|8	-8.899895
3||9|9	-8.903516
4,10|||0	0.291842
4,10|||10	0.949884
4,10|||11	1.370473
4,10|||12	1.370473
4,10|||13	1.321461
4,10|||14	1.322919
4,10|||2	1.228688
4,10|||3	1.072189
4,10|||4	0.926938
4,10|||5	1.072189
4,10|||6	1.072189
4,10|||7	1.228697
4,10|||8	1.370473
4,10|||9	1.370473
4,11|||0	0.655668
4,11|||10	1.810329
4,11|||11	1.307227
4,11|||12	1.810329
4,11|||13	1.765011
4,11|||14	1.759799
4,11|||2	1.663072
4,11|||3	1.492497
4,11|||4	1.352088
4,11|||5	1.492497
4,11|||6	1.492497
4,11|||7	1.663078
4,11|||8	1.810329
4,11|||9	1.810329
4,12|||0	3.432151
4,12|||10	5.171745
4,12|||11	5.171745
4,12|||12	4.099438
4,12|||13	5.160987
4,12|||14	5.104018
4,12|||2	4.973660
4,12|||3	4.704459
4,12|||4	4.604162
4,12|||5	4.704459
4,12|||6	4.704459
4,12|||7	4.973669
4,12|||8	5.171745
4,12|||9	5.171745
4,13|||0	4.131330
4,13|||10	7.368903
4,13|||11	7.368903
4,13|||12	7.368903
4,13|||13	4.553602
4,13|||14	7.254395
4,13|||2	7.094233
4,13|||3	6.530325
4,13|||4	6.691812
4,13|||5	6.530325
4,13|||6	6.530325
4,13|||7	7.094233
4,13|||8	7.368903
4,13|||9	7.368903
4,14|||0	4.771572
4,14|||10	8.620904
4,14|||11	8.620904
4,14|||12	8.620904
4,14|||13	7.530304
4,14|||14	6.827793
4,14|||2	8.086908
4,14|||3	8.588151
4,14|||4	6.638655
4,14|||5	8.588151
4,14|||6	8.588151
4,14|||7	8.086908
4,14|||8	8.620904
4,14|||9	8.620904
4,4|||0	-0.547780
4,4|||10	2.072408
4,4|||11	2.072408
4,4|||12	2.072408
4,4|||13	0.794165
4,4|||14	2.048540
4,4|||2	1.704258
4,4|||3	1.924654
4,4|||4	-0.081971
4,4|||5	1.924654
4,4|||6	1.924654
4,4|||7	1.704258
4,4|||8	2.072408
4,4|||9	2.072408
4,5|||0	-1.736826
4,5|||10	-0.894328
4,5|||11	-0.894328
4,5|||12	-0.894328
4,5|||13	-0.986526
4,5|||14	-0.923668
4,5|||2	-1.010894
4,5|||3	-1.095069
4,5|||4	-1.362077
4,5|||5	-1.094806
4,5|||6	-1.095069
4,5|||7	-1.010894
4,5|||8	-0.894328
4,5|||9	-0.894328
4,6|||0	-1.582555
4,6|||10	-0.692559
4,6|||11	-0.692559
4,6|||12	-0.692559
4,6|||13	-0.783528
4,6|||14	-0.724386
4,6|||2	-0.812933
4,6|||3	-0.900192
4,6|||4	-1.177927
4,6|||5	-0.900192
4,6|||6	-0.963475
4,6|||7	-0.812933
4,6|||8	-0.692559
4,6|||9	-0.692559
4,7|||0	-1.033961
4,7|||10	-0.174315
4,7|||11	-0.174315
4,7|||12	-0.174315
4,7|||13	-0.231891
4,7|||14	-0.212001
4,7|||2	-0.334280
4,7|||3	-0.432366
4,7|||4	-0.542239
4,7|||5	-0.432366
4,7|||6	-0.432366
4,7|||7	-0.460961
4,7|||8	-0.174315
4,7|||9	-0.174315
4,8|||0	-0.435434
4,8|||10	0.492081
4,8|||11	0.492081
4,8|||12	0.492081
4,8|||13	0.434836
4,8|||14	0.450949
4,8|||2	0.361516
4,8|||3	0.233600
4,8|||4	0.078757
4,8|||5	0.233600
4,8|||6	0.233600
4,8|||7	0.361524
4,8|||8	0.239432
4,8|||9	0.492081
4,9|||0	-0.071878
4,9|||10	0.930799
4,9|||11	0.930799
4,9|||12	0.930799
4,9|||13	0.878100
4,9|||14	0.886351
4,9|||2	0.794918
4,9|||3	0.652415
4,9|||4	0.502368
4,9|||5	0.652415
4,9|||6	0.652415
4,9|||7	0.794920
4,9|||8	0.930798
4,9|||9	0.594094
4|0||0	1.512478
4|0||10	5.023522
4|0||11	5.011777
4|0||12	4.826513
4|0||13	4.816780
4|0||14	3.812026
4|0||2	4.662114
4|0||3	4.664320
4|0||4	3.339678
4|0||5	4.664320
4|0||6	4.663209
4|0||7	4.658746
4|0||8	5.037029
4|0||9	5.031704
4|10||0	2.110452
4|10||10	4.503095
4|10||11	4.711087
4|10||12	4.419846
4|10||13	3.999572
4|10||14	4.048995
4|10||2	4.463837
4|10||3	4.366480
4|10||4	3.710435
4|10||5	4.366480
4|10||6	4.365202
4|10||7	4.459586
4|10||8	4.745159
4|10||9	4.738304
4|11||0	2.092996
4|11||10	4.710816
4|11||11	4.476079
4|11||12	4.399803
4|11||13	3.978877
4|11||14	4.032111
4|11||2	4.446966
4|11||3	4.350103
4|11||4	3.691435
4|11||5	4.350103
4|11||6	4.348754
4|11||7	4.442351
4|11||8	4.728610
4|11||9	4.721544
4|12||0	1.745893
4|12||10	4.360231
4|12||11	4.339491
4|12||12	3.917862
4|12||13	3.566696
4|12||14	3.639287
4|12||2	4.098790
4|12||3	4.022338
4|12||4	3.340268
4|12||5	4.022338
4|12||6	4.020906
4|12||7	4.094230
4|12||8	4.380821
4|12||9	4.372680
4|13||0	2.834403
4|13||10	7.016894
4|13||11	7.008492
4|13||12	6.936421
4|13||13	7.007890
4|13||14	5.456099
4|13||2	6.191856
4|13||3	7.033641
4|13||4	3.832570
4|13||5	7.033641
4|13||6	7.031868
4|13||7	6.188561
4|13||8	7.027295
4|13||9	7.022761
4|14||0	1.388291
4|14||10	3.610051
4|14||11	3.590795
4|14||12	3.237351
4|14||13	2.864211
4|14||14	3.343489
4|14||2	3.412910
4|14||3	3.209928
4|14||4	2.838198
4|14||5	3.209928
4|14||6	3.208666
4|14||7	3.408478
4|14||8	3.630052
4|14||9	3.621454
4|2||0	1.738623
4|2||10	4.223937
4|2||11	4.206905
4|2||12	3.902214
4|2||13	3.516736
4|2||14	3.676720
4|2||2	3.782630
4|2||3	3.816058
4|2||4	3.351937
4|2||5	3.816058
4|2||6	3.814910
4|2||7	3.898059
4|2||8	4.239912
4|2||9	4.233745
4|3||0	1.527397
4|3||10	4.060592
4|3||11	4.043525
4|3||12	3.753753
4|3||13	3.319991
4|3||14	3.479882
4|3||2	3.780398
4|3||3	3.459396
4|3||4	2.969537
4|3||5	3.712592
4|3||6	3.711497
4|3||7	3.776839
4|3||8	4.076194
4|3||9	4.070387
4|4||0	1.069815
4|4||10	3.291417
4|4||11	3.266043
4|4||12	2.944280
4|4||13	2.649832
4|4||14	2.942497
4|4||2	3.136073
4|4||3	2.779812
4|4||4	2.458038
4|4||5	2.779831
4|4||6	2.778678
4|4||7	3.132029
4|4||8	3.309618
4|4||9	3.301659
4|5||0	1.527345
4|5||10	4.060553
4|5||11	4.043488
4|5||12	3.753714
4|5||13	3.319991
4|5||14	3.479839
4|5||2	3.780353
4|5||3	3.712550
4|5||4	2.969504
4|5||5	3.459352
4|5||6	3.711469
4|5||7	3.776796
4|5||8	4.076153
4|5||9	4.070348
4|6||0	1.526538
4|6||10	4.059273
4|6||11	4.042172
4|6||12	3.752393
4|6||13	3.318777
4|6||14	3.478622
4|6||2	3.779222
4|6||3	3.711428
4|6||4	2.968435
4|6||5	3.711442
4|6||6	3.457381
4|6||7	3.775608
4|6||8	4.074925
4|6||9	4.069100
4|7||0	1.737163
4|7||10	4.221108
4|7||11	4.203760
4|7||12	3.899320
4|7||13	3.514477
4|7||14	3.674449
4|7||2	3.899656
4|7||3	3.813741
4|7||4	3.349931
4|7||5	3.813741
4|7||6	3.812535
4|7||7	3.775623
4|7||8	4.237173
4|7||9	4.230977
4|8||0	2.127440
4|8||10	4.742759
4|8||11	4.726258
4|8||12	4.437569
4|8||13	4.017404
4|8||14	4.063962
4|8||2	4.476341
4|8||3	4.378468
4|8||4	3.723280
4|8||5	4.378468
4|8||6	4.377236
4|8||7	4.472171
4|8||8	4.531783
4|8||9	4.751845
4|9||0	2.120682
4|9||10	4.737592
4|9||11	4.720924
4|9||12	4.431217
4|9||13	4.010996
4|9||14	4.057806
4|9||2	4.472007
4|9||3	4.374475
4|9||4	3.717654
4|9||5	4.374475
4|9||6	4.373234
4|9||7	4.467818
4|9||8	4.753473
4|9||9	4.519929
4||0|0	8.451769
4||0|10	12.422824
4||0|11	12.414372
4||0|12	12.131157
4||0|13	10.786630
4||0|14	10.902748
4||0|2	12.097054
4||0|3	12.459473
4||0|4	11.493142
4||0|5	12.459473
4||0|6	12.458310
4||0|7	12.094077
4||0|8	12.435973
4||0|9	12.430105
4||10|0	-8.963313
4||10|10	-8.900336
4||10|11	-8.896761
4||10|12	-8.897075
4||10|13	-8.979120
4||10|14	-8.897845
4||10|2	-8.897289
4||10|3	-8.899452
4||10|4	-8.895171
4||10|5	-8.899484
4||10|6	-8.900343
4||10|7	-8.897063
4||10|8	-8.897038
4||10|9	-8.897042
4||11|0	-8.963289
4||11|10	-8.896168
4||11|11	-8.899295
4||11|12	-8.896156
4||11|13	-8.978634
4||11|14	-8.896989
4||11|2	-8.896412
4||11|3	-8.898555
4||11|4	-8.894347
4||11|5	-8.898556
4||11|6	-8.899425
4||11|7	-8.896180
4||11|8	-8.896155
4||11|9	-8.896159
4||12|0	-8.963289
4||12|10	-8.895684
4||12|11	-8.895682
4||12|12	-8.898977
4||12|13	-8.978385
4||12|14	-8.896601
4||12|2	-8.895954
4||12|3	-8.898122
4||12|4	-8.893914
4||12|5	-8.898134
4||12|6	-8.898985
4||12|7	-8.895705
4||12|8	-8.895678
4||12|9	-8.895680
4||13|0	-7.509029
4||13|10	-6.707172
4||13|11	-6.712150
4||13|12	-6.748866
4||13|13	-7.437817
4||13|14	-6.692676
4||13|2	-6.930704
4||13|3	-6.976048
4||13|4	-6.926926
4||13|5	-6.926941
4||13|6	-6.927274
4||13|7	-6.696539
4||13|8	-6.699356
4||13|9	-6.702943
4||14|0	-1.406154
4||14|10	0.469838
4||14|11	0.452521
4||14|12	0.079525
4||14|13	0.000716
4||14|14	-0.879149
4||14|2	0.496891
4||14|3	0.492763
4||14|4	0.492835
4||14|5	0.492763
4||14|6	0.491083
4||14|7	0.492461
4||14|8	0.488226
4||14|9	0.480376
4||2|0	2.037499
4||2|10	5.175433
4||2|11	5.166431
4||2|12	4.961741
4||2|13	4.208861
4||2|14	4.154738
4||2|2	5.241032
4||2|3	5.241032
4||2|4	2.916809
4||2|5	5.241032
4||2|6	5.239743
4||2|7	5.189908
4||2|8	5.187156
4||2|9	5.182828
4||3|0	3.347410
4||3|10	5.528737
4||3|11	5.509700
4||3|12	5.070783
4||3|13	4.746952
4||3|14	5.398417
4||3|2	5.558731
4||3|3	4.697214
4||3|4	5.564329
4||3|5	4.990835
4||3|6	4.989560
4||3|7	5.552774
4||3|8	5.547684
4||3|9	5.541011
4||4|0	9.047618
4||4|10	13.056026
4||4|11	13.045076
4||4|12	12.854699
4||4|13	11.053195
4||4|14	11.665826
4||4|2	12.027246
4||4|3	13.153229
4||4|4	12.296772
4||4|5	13.153229
4||4|6	13.151638
4||4|7	12.024283
4||4|8	13.069016
4||4|9	13.064950
4||5|0	3.347410
4||5|10	5.528737
4||5|11	5.509700
4||5|12	5.070783
4||5|13	4.746952
4||5|14	5.398417
4||5|2	5.558731
4||5|3	4.990835
4||5|4	5.564329
4||5|5	4.697214
4||5|6	4.989560
4||5|7	5.552774
4||5|8	5.547684
4||5|9	5.541011
4||6|0	3.346334
4||6|10	5.527048
4||6|11	5.507829
4||6|12	5.069004
4||6|13	4.745525
4||6|14	5.396752
4||6|2	5.557134
4||6|3	4.989668
4||6|4	5.562748
4||6|5	4.989668
4||6|6	4.694353
4||6|7	5.551103
4||6|8	5.546016
4||6|9	5.539341
4||7|0	2.034590
4||7|10	5.171389
4||7|11	5.162482
4||7|12	4.957507
4||7|13	4.205248
4||7|14	4.150814
4||7|2	5.189908
4||7|3	5.237279
4||7|4	2.913446
4||7|5	5.237279
4||7|6	5.235950
4||7|7	5.234242
4||7|8	5.183253
4||7|9	5.178855
4||8|0	-8.963255
4||8|10	-8.901337
4||8|11	-8.900906
4||8|12	-8.901375
4||8|13	-8.981351
4||8|14	-8.901840
4||8|2	-8.900904
4||8|3	-8.903612
4||8|4	-8.899348
4||8|5	-8.903666
4||8|6	-8.904627
4||8|7	-8.901329
4||8|8	-8.904432
4||8|9	-8.900849
4||9|0	-8.963239
4||9|10	-8.899722
4||9|11	-8.899397
4||9|12	-8.899743
4||9|13	-8.980583
4||9|14	-8.900363
4||9|2	-8.898836
4||9|3	-8.901356
4||9|4	-8.897247
4||9|5	-8.901391
4||9|6	-8.902341
4||9|7	-8.899044
4||9|8	-8.899045
4||9|9	-8.902320
5,10|||0	0.487193
5,10|||10	1.177015
5,10|||11	1.598554
5,10|||12	1.598554
5,10|||13	1.511139
5,10|||14	1.563527
5,10|||2	1.423363
5,10|||3	1.390172
5,10|||4	1.072189
5,10|||5	1.391589
5,10|||6	1.390172
5,10|||7	1.423363
5,10|||8	1.598554
5,10|||9	1.598554
5,11|||0	0.849930
5,11|||10	2.038748
5,11|||11	1.534083
5,11|||12	2.038748
5,11|||13	1.954285
5,11|||14	2.001394
5,11|||2	1.856370
5,11|||3	1.810079
5,11|||4	1.492497
5,11|||5	1.811624
5,11|||6	1.810079
5,11|||7	1.856370
5,11|||8	2.038748
5,11|||9	2.038748
5,12|||0	3.611399
5,12|||10	5.391031
5,12|||11	5.391031
5,12|||12	4.301953
5,12|||13	5.331083
5,12|||14	5.337400
5,12|||2	5.131783
5,12|||3	5.019671
5,12|||4	4.704459
5,12|||5	5.023638
5,12|||6	5.019671
5,12|||7	5.131783
5,12|||8	5.391031
5,12|||9	5.391031
5,13|||0	4.149912
5,13|||10	7.393012
5,13|||11	7.393012
5,13|||12	7.393012
5,13|||13	4.566212
5,13|||14	7.314026
5,13|||2	7.071651
5,13|||3	6.749637
5,13|||4	6.529267
5,13|||5	6.753797
5,13|||6	6.749416
5,13|||7	7.072112
5,13|||8	7.393012
5,13|||9	7.393012
5,14|||0	6.479487
5,14|||10	10.344953
5,14|||11	10.344953
5,14|||12	10.344953
5,14|||13	9.012934
5,14|||14	8.390794
5,14|||2	9.667418
5,14|||3	10.352080
5,14|||4	8.588151
5,14|||5	10.448424
5,14|||6	10.352080
5,14|||7	9.667418
5,14|||8	10.344953
5,14|||9	10.344953
5,5|||0	2.351491
5,5|||10	6.462677
5,5|||11	6.462677
5,5|||12	6.462677
5,5|||13	3.743227
5,5|||14	6.441721
5,5|||2	5.688323
5,5|||3	6.412910
5,5|||4	4.431316
5,5|||5	3.628325
5,5|||6	6.412910
5,5|||7	5.688323
5,5|||8	6.462677
5,5|||9	6.462677
5,6|||0	-1.259959
5,6|||10	-0.339407
5,6|||11	-0.339407
5,6|||12	-0.339407
5,6|||13	-0.467757
5,6|||14	-0.370633
5,6|||2	-0.512364
5,6|||3	-0.456848
5,6|||4	-0.900192
5,6|||5	-0.456301
5,6|||6	-0.539935
5,6|||7	-0.512364
5,6|||8	-0.339407
5,6|||9	-0.339407
5,7|||0	-0.908535
5,7|||10	-0.027462
5,7|||11	-0.027462
5,7|||12	-0.027462
5,7|||13	-0.115445
5,7|||14	-0.060188
5,7|||2	-0.231665
5,7|||3	-0.215597
5,7|||4	-0.432366
5,7|||5	-0.214410
5,7|||6	-0.215597
5,7|||7	-0.348541
5,7|||8	-0.027462
5,7|||9	-0.027462
5,8|||0	-0.237093
5,8|||10	0.719937
5,8|||11	0.719937
5,8|||12	0.719937
5,8|||13	0.625498
5,8|||14	0.689639
5,8|||2	0.558866
5,8|||3	0.552044
5,8|||4	0.233600
5,8|||5	0.553143
5,8|||6	0.552044
5,8|||7	0.558866
5,8|||8	0.465236
5,8|||9	0.719937
5,9|||0	0.124950
5,9|||10	1.158612
5,9|||11	1.158612
5,9|||12	1.158612
5,9|||13	1.068199
5,9|||14	1.126040
5,9|||2	0.990662
5,9|||3	0.970695
5,9|||4	0.652415
5,9|||5	0.971957
5,9|||6	0.970695
5,9|||7	0.990662
5,9|||8	1.158612
5,9|||9	0.820271
5|0||0	2.628547
5|0||10	6.892704
5|0||11	6.884257
5|0||12	6.764658
5|0||13	6.744228
5|0||14	5.541561
5|0||2	6.247812
5|0||3	6.675427
5|0||4	5.040738
5|0||5	5.548096
5|0||6	6.674356
5|0||7	6.244787
5|0||8	6.903365
5|0||9	6.899302
5|10||0	2.627672
5|10||10	5.128503
5|10||11	5.399235
5|10||12	5.139291
5|10||13	4.583635
5|10||14	4.579353
5|10||2	5.011904
5|10||3	5.185957
5|10||4	4.373839
5|10||5	4.990147
5|10||6	5.184675
5|10||7	5.008395
5|10||8	5.426369
5|10||9	5.420710
5|11||0	2.608712
5|11||10	5.396869
5|11||11	5.102864
5|11||12	5.119588
5|11||13	4.562229
5|11||14	4.560785
5|11||2	4.997821
5|11||3	5.172259
5|11||4	4.357853
5|11||5	4.974841
5|11||6	5.170923
5|11||7	4.994022
5|11||8	5.411784
5|11||9	5.405946
5|12||0	2.263693
5|12||10	5.055481
5|12||11	5.036860
5|12||12	4.594768
5|12||13	4.133742
5|12||14	4.170105
5|12||2	4.655122
5|12||3	4.856388
5|12||4	4.034368
5|12||5	4.624849
5|12||6	4.854884
5|12||7	4.651051
5|12||8	5.074048
5|12||9	5.067153
5|13||0	5.771689
5|13||10	10.752123
5|13||11	10.745215
5|13||12	10.676486
5|13||13	10.726915
5|13||14	9.209739
5|13||2	9.683884
5|13||3	10.764484
5|13||4	8.128393
5|13||5	8.696842
5|13||6	10.762938
5|13||7	9.680883
5|13||8	10.761434
5|13||9	10.757257
5|14||0	1.686708
5|14||10	4.057478
5|14||11	4.038734
5|14||12	3.705935
5|14||13	3.203570
5|14||14	3.687543
5|14||2	3.745299
5|14||3	3.778493
5|14||4	3.230419
5|14||5	3.500588
5|14||6	3.777243
5|14||7	3.741488
5|14||8	4.074487
5|14||9	4.067629
5|2||0	2.083962
5|2||10	4.682778
5|2||11	4.667592
5|2||12	4.390745
5|2||13	3.901640
5|2||14	4.043223
5|2||2	4.074656
5|2||3	4.398099
5|2||4	3.825422
5|2||5	4.228243
5|2||6	4.396752
5|2||7	4.222272
5|2||8	4.696055
5|2||9	4.690542
5|3||0	2.117367
5|3||10	4.841384
5|3||11	4.825933
5|3||12	4.569775
5|3||13	3.964008
5|3||14	4.110465
5|3||2	4.413864
5|3||3	4.311841
5|3||4	3.721473
5|3||5	4.396212
5|3||6	4.636276
5|3||7	4.410492
5|3||8	4.854284
5|3||9	4.849081
5|4||0	1.460176
5|4||10	3.966256
5|4||11	3.950142
5|4||12	3.662532
5|4||13	3.222199
5|4||14	3.441424
5|4||2	3.701119
5|4||3	3.599258
5|4||4	2.879286
5|4||5	3.475767
5|4||6	3.597927
5|4||7	3.697414
5|4||8	3.981405
5|4||9	3.975892
5|5||0	1.796657
5|5||10	4.235057
5|5||11	4.217235
5|5||12	3.930891
5|5||13	3.472164
5|5||14	3.621368
5|5||2	3.887324
5|5||3	4.019550
5|5||4	3.305490
5|5||5	3.544617
5|5||6	4.018345
5|5||7	3.883881
5|5||8	4.249855
5|5||9	4.244453
5|6||0	2.116967
5|6||10	4.840868
5|6||11	4.825417
5|6||12	4.569183
5|6||13	3.962938
5|6||14	4.110063
5|6||2	4.413269
5|6||3	4.636677
5|6||4	3.721066
5|6||5	4.395531
5|6||6	4.310272
5|6||7	4.410126
5|6||8	4.853817
5|6||9	4.848601
5|7||0	2.082758
5|7||10	4.680667
5|7||11	4.665280
5|7||12	4.388524
5|7||13	3.899146
5|7||14	4.041518
5|7||2	4.224051
5|7||3	4.395900
5|7||4	3.824005
5|7||5	4.226104
5|7||6	4.394718
5|7||7	4.068987
5|7||8	4.694052
5|7||9	4.688526
5|8||0	2.642813
5|8||10	5.423499
5|8||11	5.410789
5|8||12	5.153330
5|8||13	4.597833
5|8||14	4.591079
5|8||2	5.022087
5|8||3	5.196528
5|8||4	4.385289
5|8||5	5.001789
5|8||6	5.195287
5|8||7	5.018635
5|8||8	5.151212
5|8||9	5.431070
5|9||0	2.638197
5|9||10	5.419433
5|9||11	5.406635
5|9||12	5.148385
5|9||13	4.593034
5|9||14	4.586615
5|9||2	5.018199
5|9||3	5.192436
5|9||4	4.381451
5|9||5	4.997295
5|9||6	5.191186
5|9||7	5.014740
5|9||8	5.432573
5|9||9	5.141699
5||0|0	8.310872
5||0|10	12.124029
5||0|11	12.115620
5||0|12	11.805178
5||0|13	10.718859
5||0|14	10.515662
5||0|2	11.915016
5||0|3	12.151381
5||0|4	11.915016
5||0|5	11.649833
5||0|6	12.150097
5||0|7	11.911748
5||0|8	12.137157
5||0|9	12.131442
5||10|0	-8.963089
5||10|10	-8.899168
5||10|11	-8.895424
5||10|12	-8.895431
5||10|13	-8.978361
5||10|14	-8.896877
5||10|2	-8.895762
5||10|3	-8.898198
5||10|4	-8.895414
5||10|5	-8.897300
5||10|6	-8.899135
5||10|7	-8.895462
5||10|8	-8.895472
5||10|9	-8.895479
5||11|0	-8.963089
5||11|10	-8.895437
5||11|11	-8.899052
5||11|12	-8.895378
5||11|13	-8.978326
5||11|14	-8.896827
5||11|2	-8.895714
5||11|3	-8.898152
5||11|4	-8.895369
5||11|5	-8.897251
5||11|6	-8.899075
5||11|7	-8.895406
5||11|8	-8.895415
5||11|9	-8.895423
5||12|0	-8.963089
5||12|10	-8.895442
5||12|11	-8.895381
5||12|12	-8.899057
5||12|13	-8.978327
5||12|14	-8.896831
5||12|2	-8.895718
5||12|3	-8.898155
5||12|4	-8.895375
5||12|5	-8.897256
5||12|6	-8.899079
5||12|7	-8.895411
5||12|8	-8.895420
5||12|9	-8.895428
5||13|0	-7.529723
5||13|10	-6.735828
5||13|11	-6.740748
5||13|12	-6.776950
5||13|13	-7.458469
5||13|14	-6.721505
5||13|2	-6.959005
5||13|3	-7.005001
5||13|4	-6.927370
5||13|5	-6.996761
5||13|6	-6.962846
5||13|7	-6.725324
5||13|8	-6.728105
5||13|9	-6.731646
5||14|0	-1.411282
5||14|10	0.464229
5||14|11	0.446958
5||14|12	0.073936
5||14|13	-0.004266
5||14|14	-0.884560
5||14|2	0.491536
5||14|3	0.485925
5||14|4	0.491536
5||14|5	0.477406
5||14|6	0.483773
5||14|7	0.487005
5||14|8	0.482668
5||14|9	0.474779
5||2|0	3.988764
5||2|10	7.346884
5||2|11	7.338447
5||2|12	7.155687
5||2|13	5.980705
5||2|14	6.267282
5||2|2	7.414385
5||2|3	7.414385
5||2|4	5.430421
5||2|5	6.863247
5||2|6	7.413076
5||2|7	7.359805
5||2|8	7.357259
5||2|9	7.353651
5||3|0	2.775214
5||3|10	4.965287
5||3|11	4.949171
5||3|12	4.553496
5||3|13	4.264179
5||3|14	4.797856
5||3|2	4.990313
5||3|3	3.983190
5||3|4	4.990313
5||3|5	4.339293
5||3|6	4.329549
5||3|7	4.985608
5||3|8	4.981537
5||3|9	4.975989
5||4|0	9.061361
5||4|10	13.086366
5||4|11	13.075407
5||4|12	12.885174
5||4|13	11.070729
5||4|14	11.697623
5||4|2	12.055735
5||4|3	13.183553
5||4|4	13.183553
5||4|5	12.309721
5||4|6	13.181943
5||4|7	12.052762
5||4|8	13.099362
5||4|9	13.095295
5||5|0	2.589307
5||5|10	4.665991
5||5|11	4.647989
5||5|12	4.209656
5||5|13	3.904797
5||5|14	4.587659
5||5|2	4.696269
5||5|3	3.982863
5||5|4	4.696269
5||5|5	3.690319
5||5|6	3.981350
5||5|7	4.690362
5||5|8	4.685273
5||5|9	4.678135
5||6|0	2.774200
5||6|10	4.963789
5||6|11	4.947533
5||6|12	4.551828
5||6|13	4.262899
5||6|14	4.796159
5||6|2	4.988918
5||6|3	4.329709
5||6|4	4.988918
5||6|5	4.338099
5||6|6	3.980230
5||6|7	4.984128
5||6|8	4.980056
5||6|9	4.974503
5||7|0	3.985987
5||7|10	7.342994
5||7|11	7.334662
5||7|12	7.151677
5||7|13	5.977052
5||7|14	6.263733
5||7|2	7.359805
5||7|3	7.410835
5||7|4	5.427262
5||7|5	6.859154
5||7|6	7.409454
5||7|7	7.407659
5||7|8	7.353512
5||7|9	7.349870
5||8|0	-8.963083
5||8|10	-8.899077
5||8|11	-8.899019
5||8|12	-8.899029
5||8|13	-8.980240
5||8|14	-8.900163
5||8|2	-8.898705
5||8|3	-8.901654
5||8|4	-8.898984
5||8|5	-8.900636
5||8|6	-8.902702
5||8|7	-8.899048
5||8|8	-8.902693
5||8|9	-8.898798
5||9|0	-8.963073
5||9|10	-8.898033
5||9|11	-8.897976
5||9|12	-8.897986
5||9|13	-8.979713
5||9|14	-8.899277
5||9|2	-8.897380
5||9|3	-8.900186
5||9|4	-8.897464
5||9|5	-8.899300
5||9|6	-8.901215
5||9|7	-8.897518
5||9|8	-8.897530
5||9|9	-8.901190
6,10|||0	0.533715
6,10|||10	1.233771
6,10|||11	1.643469
6,10|||12	1.643469
6,10|||13	1.555660
6,10|||14	1.608164
6,10|||2	1.467601
6,10|||3	1.434432
6,10|||4	1.114842
6,10|||5	1.434432
6,10|||6	1.414525
6,10|||7	1.467601
6,10|||8	1.643469
6,10|||9	1.643469
6,11|||0	0.894919
6,11|||10	2.082886
6,11|||11	1.588529
6,11|||12	2.082886
6,11|||13	1.998638
6,11|||14	2.045253
6,11|||2	1.899776
6,11|||3	1.853123
6,11|||4	1.534465
6,11|||5	1.853123
6,11|||6	1.833710
6,11|||7	1.899776
6,11|||8	2.082886
6,11|||9	2.082886
6,12|||0	3.654399
6,12|||10	5.432721
6,12|||11	5.432721
6,12|||12	4.350741
6,12|||13	5.373054
6,12|||14	5.378919
6,12|||2	5.173393
6,12|||3	5.060350
6,12|||4	4.744783
6,12|||5	5.060350
6,12|||6	5.044553
6,12|||7	5.173393
6,12|||8	5.432721
6,12|||9	5.432721
6,13|||0	4.202594
6,13|||10	7.438327
6,13|||11	7.438327
6,13|||12	7.438327
6,13|||13	4.622416
6,13|||14	7.359122
6,13|||2	7.115073
6,13|||3	6.793913
6,13|||4	6.571198
6,13|||5	6.793913
6,13|||6	6.775135
6,13|||7	7.116303
6,13|||8	7.438327
6,13|||9	7.438327
6,14|||0	6.543663
6,14|||10	10.416862
6,14|||11	10.416862
6,14|||12	10.416862
6,14|||13	9.090386
6,14|||14	8.483120
6,14|||2	9.737000
6,14|||3	10.422607
6,14|||4	8.658061
6,14|||5	10.422607
6,14|||6	10.496059
6,14|||7	9.737000
6,14|||8	10.416862
6,14|||9	10.416862
6,6|||0	2.954543
6,6|||10	7.089202
6,6|||11	7.089202
6,6|||12	7.089202
6,6|||13	4.376530
6,6|||14	7.064350
6,6|||2	6.305043
6,6|||3	7.030935
6,6|||4	5.023365
6,6|||5	7.030935
6,6|||6	4.264792
6,6|||7	6.305043
6,6|||8	7.089202
6,6|||9	7.089202
6,7|||0	-0.822656
6,7|||10	0.067944
6,7|||11	0.067944
6,7|||12	0.067944
6,7|||13	-0.021459
6,7|||14	0.034895
6,7|||2	-0.139326
6,7|||3	-0.119384
6,7|||4	-0.352884
6,7|||5	-0.119384
6,7|||6	-0.162682
6,7|||7	-0.241632
6,7|||8	0.067944
6,7|||9	0.067944
6,8|||0	-0.181169
6,8|||10	0.773969
6,8|||11	0.773969
6,8|||12	0.773969
6,8|||13	0.679988
6,8|||14	0.743510
6,8|||2	0.611763
6,8|||3	0.607200
6,8|||4	0.284504
6,8|||5	0.607200
6,8|||6	0.582542
6,8|||7	0.611763
6,8|||8	0.538637
6,8|||9	0.773969
6,9|||0	0.173816
6,9|||10	1.205713
6,9|||11	1.205713
6,9|||12	1.205713
6,9|||13	1.114968
6,9|||14	1.172912
6,9|||2	1.037031
6,9|||3	1.017768
6,9|||4	0.697097
6,9|||5	1.017768
6,9|||6	0.996411
6,9|||7	1.037031
6,9|||8	1.205713
6,9|||9	0.882499
6|0||0	2.738317
6|0||10	7.033058
6|0||11	7.025260
6|0||12	6.908686
6|0||13	6.888378
6|0||14	5.688391
6|0||2	6.382169
6|0||3	6.812550
6|0||4	5.157675
6|0||5	6.812550
6|0||6	5.609730
6|0||7	6.379407
6|0||8	7.042995
6|0||9	7.039199
6|10||0	2.715836
6|10||10	5.236706
6|10||11	5.504649
6|10||12	5.250863
6|10||13	4.679737
6|10||14	4.687304
6|10||2	5.111379
6|10||3	5.294319
6|10||4	4.459229
6|10||5	5.294319
6|10||6	5.041059
6|10||7	5.108502
6|10||8	5.530878
6|10||9	5.525332
6|11||0	2.697567
6|11||10	5.502752
6|11||11	5.212478
6|11||12	5.232076
6|11||13	4.659054
6|11||14	4.669346
6|11||2	5.098177
6|11||3	5.281090
6|11||4	4.443615
6|11||5	5.281090
6|11||6	5.026579
6|11||7	5.095068
6|11||8	5.517117
6|11||9	5.511492
6|12||0	2.363402
6|12||10	5.171577
6|12||11	5.153305
6|12||12	4.715466
6|12||13	4.243638
6|12||14	4.286947
6|12||2	4.764727
6|12||3	4.974818
6|12||4	4.128432
6|12||5	4.974818
6|12||6	4.685911
6|12||7	4.761387
6|12||8	5.189617
6|12||9	5.182969
6|13||0	5.914441
6|13||10	10.917558
6|13||11	10.911011
6|13||12	10.842271
6|13||13	10.892370
6|13||14	9.378868
6|13||2	9.841562
6|13||3	10.929288
6|13||4	8.275827
6|13||5	10.929288
6|13||6	8.777806
6|13||7	9.838965
6|13||8	10.926858
6|13||9	10.922685
6|14||0	1.782123
6|14||10	4.169922
6|14||11	4.151553
6|14||12	3.825563
6|14||13	3.309698
6|14||14	3.800748
6|14||2	3.851657
6|14||3	3.897747
6|14||4	3.319660
6|14||5	3.897747
6|14||6	3.562018
6|14||7	3.848398
6|14||8	4.186301
6|14||9	4.179608
6|2||0	2.165485
6|2||10	4.784436
6|2||11	4.769769
6|2||12	4.498430
6|2||13	3.993888
6|2||14	4.145580
6|2||2	4.168361
6|2||3	4.502468
6|2||4	3.905097
6|2||5	4.502468
6|2||6	4.276218
6|2||7	4.318885
6|2||8	4.797285
6|2||9	4.791912
6|3||0	2.210612
6|3||10	4.952903
6|3||11	4.937886
6|3||12	4.688056
6|3||13	4.065539
6|3||14	4.224154
6|3||2	4.517573
6|3||3	4.427234
6|3||4	3.818626
6|3||5	4.750074
6|3||6	4.449009
6|3||7	4.514354
6|3||8	4.965164
6|3||9	4.960165
6|4||0	1.534581
6|4||10	4.053708
6|4||11	4.037875
6|4||12	3.756009
6|4||13	3.307356
6|4||14	3.527213
6|4||2	3.783204
6|4||3	3.698680
6|4||4	2.954156
6|4||5	3.698694
6|4||6	3.521140
6|4||7	3.779512
6|4||8	4.068416
6|4||9	4.063063
6|5||0	2.210570
6|5||10	4.952873
6|5||11	4.937859
6|5||12	4.688031
6|5||13	4.065539
6|5||14	4.224123
6|5||2	4.517543
6|5||3	4.750057
6|5||4	3.818599
6|5||5	4.427205
6|5||6	4.449001
6|5||7	4.514321
6|5||8	4.965134
6|5||9	4.960134
6|6||0	1.829976
6|6||10	4.277658
6|6||11	4.260007
6|6||12	3.974334
6|6||13	3.511005
6|6||14	3.663079
6|6||2	3.926168
6|6||3	4.060512
6|6||4	3.342498
6|6||5	4.060526
6|6||6	3.553886
6|6||7	3.923239
6|6||8	4.292091
6|6||9	4.286740
6|7||0	2.165624
6|7||10	4.784842
6|7||11	4.770061
6|7||12	4.498808
6|7||13	3.992858
6|7||14	4.146310
6|7||2	4.322579
6|7||3	4.501696
6|7||4	3.905839
6|7||5	4.501696
6|7||6	4.276253
6|7||7	4.165799
6|7||8	4.797745
6|7||9	4.792383
6|8||0	2.729644
6|8||10	5.527954
6|8||11	5.515613
6|8||12	5.264164
6|8||13	4.692577
6|8||14	4.698528
6|8||2	5.121144
6|8||3	5.304590
6|8||4	4.470431
6|8||5	5.304590
6|8||6	5.052109
6|8||7	5.118318
6|8||8	5.258573
6|8||9	5.535458
6|9||0	2.725328
6|9||10	5.524007
6|9||11	5.511685
6|9||12	5.259530
6|9||13	4.688153
6|9||14	4.694144
6|9||2	5.117440
6|9||3	5.300605
6|9||4	4.466625
6|9||5	5.300605
6|9||6	5.047819
6|9||7	5.114613
6|9||8	5.536979
6|9||9	5.249484
6||0|0	8.433217
6||0|10	12.330342
6||0|11	12.321998
6||0|12	12.034016
6||0|13	10.845946
6||0|14	10.733957
6||0|2	12.111302
6||0|3	12.354714
6||0|4	12.111302
6||0|5	12.354714
6||0|6	11.728894
6||0|7	12.108619
6||0|8	12.343183
6||0|9	12.337761
6||10|0	-8.963091
6||10|10	-8.899952
6||10|11	-8.895907
6||10|12	-8.895919
6||10|13	-8.978606
6||10|14	-8.897787
6||10|2	-8.896558
6||10|3	-8.899054
6||10|4	-8.896217
6||10|5	-8.899067
6||10|6	-8.899194
6||10|7	-8.896259
6||10|8	-8.896162
6||10|9	-8.896182
6||11|0	-8.963089
6||11|10	-8.896123
6||11|11	-8.899612
6||11|12	-8.895860
6||11|13	-8.978573
6||11|14	-8.897598
6||11|2	-8.896384
6||11|3	-8.898849
6||11|4	-8.896038
6||11|5	-8.898866
6||11|6	-8.898956
6||11|7	-8.896067
6||11|8	-8.895970
6||11|9	-8.895983
6||12|0	-8.963089
6||12|10	-8.896091
6||12|11	-8.895845
6||12|12	-8.899592
6||12|13	-8.978559
6||12|14	-8.897720
6||12|2	-8.896534
6||12|3	-8.899029
6||12|4	-8.896203
6||12|5	-8.899040
6||12|6	-8.899165
6||12|7	-8.896233
6||12|8	-8.896137
6||12|9	-8.896160
6||13|0	-7.519507
6||13|10	-6.721650
6||13|11	-6.726597
6||13|12	-6.762763
6||13|13	-7.447960
6||13|14	-6.707641
6||13|2	-6.946723
6||13|3	-6.993042
6||13|4	-6.915036
6||13|5	-6.950340
6||13|6	-6.991919
6||13|7	-6.711212
6||13|8	-6.713966
6||13|9	-6.717479
6||14|0	-1.364126
6||14|10	0.515937
6||14|11	0.499136
6||14|12	0.126476
6||14|13	0.047238
6||14|14	-0.838610
6||14|2	0.541278
6||14|3	0.536900
6||14|4	0.541278
6||14|5	0.536900
6||14|6	0.500939
6||14|7	0.537953
6||14|8	0.533762
6||14|9	0.526343
6||2|0	4.122283
6||2|10	7.507469
6||2|11	7.498992
6||2|12	7.322422
6||2|13	6.118671
6||2|14	6.431670
6||2|2	7.573249
6||2|3	7.573249
6||2|4	5.569471
6||2|5	7.573249
6||2|6	6.936753
6||2|7	7.519810
6||2|8	7.517356
6||2|9	7.513983
6||3|0	2.839571
6||3|10	5.035498
6||3|11	5.019992
6||3|12	4.627049
6||3|13	4.336142
6||3|14	4.858213
6||3|2	5.059201
6||3|3	4.040467
6||3|4	5.059201
6||3|5	4.396545
6||3|6	4.381110
6||3|7	5.055555
6||3|8	5.051525
6||3|9	5.046079
6||4|0	9.245843
6||4|10	13.303957
6||4|11	13.292904
6||4|12	13.109254
6||4|13	11.263840
6||4|14	11.917018
6||4|2	12.261561
6||4|3	13.398707
6||4|4	13.398707
6||4|5	13.398707
6||4|6	12.427719
6||4|7	12.259161
6||4|8	13.316238
6||4|9	13.312489
6||5|0	2.839571
6||5|10	5.035498
6||5|11	5.019992
6||5|12	4.627049
6||5|13	4.336142
6||5|14	4.858213
6||5|2	5.059201
6||5|3	4.396545
6||5|4	5.059201
6||5|5	4.040467
6||5|6	4.381110
6||5|7	5.055555
6||5|8	5.051525
6||5|9	5.046079
6||6|0	2.622331
6||6|10	4.700978
6||6|11	4.683697
6||6|12	4.246465
6||6|13	3.941502
6||6|14	4.619386
6||6|2	4.729637
6||6|3	4.016052
6||6|4	4.729637
6||6|5	4.016052
6||6|6	3.693642
6||6|7	4.725113
6||6|8	4.720083
6||6|9	4.713142
6||7|0	4.119778
6||7|10	7.504136
6||7|11	7.495747
6||7|12	7.318986
6||7|13	6.115857
6||7|14	6.428544
6||7|2	7.519810
6||7|3	7.570242
6||7|4	5.566694
6||7|5	7.570242
6||7|6	6.933295
6||7|7	7.567595
6||7|8	7.514172
6||7|9	7.510762
6||8|0	-8.963043
6||8|10	-8.899764
6||8|11	-8.898376
6||8|12	-8.898528
6||8|13	-8.980061
6||8|14	-8.899871
6||8|2	-8.898355
6||8|3	-8.901157
6||8|4	-8.898385
6||8|5	-8.901174
6||8|6	-8.901411
6||8|7	-8.898435
6||8|8	-8.902164
6||8|9	-8.898476
6||9|0	-8.963024
6||9|10	-8.898020
6||9|11	-8.897869
6||9|12	-8.897883
6||9|13	-8.979725
6||9|14	-8.899635
6||9|2	-8.897977
6||9|3	-8.900771
6||9|4	-8.898000
6||9|5	-8.900780
6||9|6	-8.901035
6||9|7	-8.898044
6||9|8	-8.898061
6||9|9	-8.901810
7,10|||0	0.769128
7,10|||10	1.445464
7,10|||11	1.820238
7,10|||12	1.820238
7,10|||13	1.751425
7,10|||14	1.784849
7,10|||2	1.612797
7,10|||3	1.574562
7,10|||4	1.378902
7,10|||5	1.574562
7,10|||6	1.574562
7,10|||7	1.565116
7,10|||8	1.820238
7,10|||9	1.820238
7,11|||0	1.127152
7,11|||10	2.254431
7,11|||11	1.790245
7,11|||12	2.254431
7,11|||13	2.188005
7,11|||14	2.216787
7,11|||2	2.039796
7,11|||3	1.993752
7,11|||4	1.800363
7,11|||5	1.993752
7,11|||6	1.993752
7,11|||7	1.994797
7,11|||8	2.254431
7,11|||9	2.254431
7,12|||0	3.927356
7,12|||10	5.643650
7,12|||11	5.643650
7,12|||12	4.585260
7,12|||13	5.607506
7,12|||14	5.591257
7,12|||2	5.375488
7,12|||3	5.255994
7,12|||4	5.094139
7,12|||5	5.255994
7,12|||6	5.255994
7,12|||7	5.329041
7,12|||8	5.643650
7,12|||9	5.643650
7,13|||0	4.634792
7,13|||10	7.874420
7,13|||11	7.874420
7,13|||12	7.874420
7,13|||13	5.042287
7,13|||14	7.789658
7,13|||2	7.536092
7,13|||3	7.206599
7,13|||4	7.225928
7,13|||5	7.206599
7,13|||6	7.206599
7,13|||7	7.483442
7,13|||8	7.874420
7,13|||9	7.874420
7,14|||0	6.105640
7,14|||10	9.853207
7,14|||11	9.853207
7,14|||12	9.853207
7,14|||13	8.667546
7,14|||14	8.052018
7,14|||2	9.118989
7,14|||3	9.847974
7,14|||4	8.283005
7,14|||5	9.847974
7,14|||6	9.847974
7,14|||7	9.113443
7,14|||8	9.853207
7,14|||9	9.853207
7,7|||0	3.324650
7,7|||10	6.929323
7,7|||11	6.929323
7,7|||12	6.929323
7,7|||13	4.791776
7,7|||14	6.906740
7,7|||2	5.642714
7,7|||3	6.795481
7,7|||4	5.330748
7,7|||5	6.795481
7,7|||6	6.795481
7,7|||7	4.635766
7,7|||8	6.929323
7,7|||9	6.929323
7,8|||0	0.079171
7,8|||10	0.981606
7,8|||11	0.981606
7,8|||12	0.981606
7,8|||13	0.911556
7,8|||14	0.950645
7,8|||2	0.786037
7,8|||3	0.764886
7,8|||4	0.574273
7,8|||5	0.764886
7,8|||6	0.764886
7,8|||7	0.726312
7,8|||8	0.782609
7,8|||9	0.981606
7,9|||0	0.418090
7,9|||10	1.394130
7,9|||11	1.394130
7,9|||12	1.394130
7,9|||13	1.323101
7,9|||14	1.360883
7,9|||2	1.192874
7,9|||3	1.162417
7,9|||4	0.966214
7,9|||5	1.162417
7,9|||6	1.162417
7,9|||7	1.140719
7,9|||8	1.394130
7,9|||9	1.105949
7|0||0	3.160943
7|0||10	7.263475
7|0||11	7.254870
7|0||12	7.117231
7|0||13	7.105674
7|0||14	6.088510
7|0||2	6.272684
7|0||3	6.996951
7|0||4	5.739406
7|0||5	6.996951
7|0||6	6.996239
7|0||7	5.531070
7|0||8	7.273342
7|0||9	7.269622
7|10||0	2.933203
7|10||10	5.390253
7|10||11	5.621515
7|10||12	5.346874
7|10||13	4.799569
7|10||14	4.918020
7|10||2	5.179296
7|10||3	5.349037
7|10||4	4.765059
7|10||5	5.349037
7|10||6	5.348353
7|10||7	4.994062
7|10||8	5.649111
7|10||9	5.643272
7|11||0	2.916234
7|11||10	5.621322
7|11||11	5.366217
7|11||12	5.329364
7|11||13	4.779812
7|11||14	4.902558
7|11||2	5.166630
7|11||3	5.336873
7|11||4	4.750648
7|11||5	5.336873
7|11||6	5.336152
7|11||7	4.980343
7|11||8	5.635955
7|11||9	5.630043
7|12||0	2.591318
7|12||10	5.277653
7|12||11	5.259402
7|12||12	4.827757
7|12||13	4.371375
7|12||14	4.521125
7|12||2	4.826953
7|12||3	5.012577
7|12||4	4.433832
7|12||5	5.012577
7|12||6	5.011765
7|12||7	4.627685
7|12||8	5.295224
7|12||9	5.288574
7|13||0	5.333747
7|13||10	10.029003
7|13||11	10.022616
7|13||12	9.959867
7|13||13	10.027776
7|13||14	8.647881
7|13||2	8.369930
7|13||3	10.039989
7|13||4	7.621467
7|13||5	10.039989
7|13||6	10.039041
7|13||7	7.323232
7|13||8	10.037572
7|13||9	10.033716
7|14||0	2.128219
7|14||10	4.455551
7|14||11	4.438378
7|14||12	4.101659
7|14||13	3.576549
7|14||14	4.154614
7|14||2	4.063828
7|14||3	4.115812
7|14||4	3.762085
7|14||5	4.115812
7|14||6	4.115139
7|14||7	3.852362
7|14||8	4.471806
7|14||9	4.464950
7|2||0	2.343176
7|2||10	4.828176
7|2||11	4.813590
7|2||12	4.523972
7|2||13	4.051913
7|2||14	4.299958
7|2||2	4.216290
7|2||3	4.492422
7|2||4	4.139589
7|2||5	4.492422
7|2||6	4.491766
7|2||7	4.181883
7|2||8	4.842054
7|2||9	4.836124
7|3||0	2.394501
7|3||10	5.018746
7|3||11	5.003966
7|3||12	4.731552
7|3||13	4.149933
7|3||14	4.396344
7|3||2	4.533466
7|3||3	4.458185
7|3||4	4.093752
7|3||5	4.747287
7|3||6	4.746667
7|3||7	4.325420
7|3||8	5.031476
7|3||9	5.026065
7|4||0	1.956073
7|4||10	4.403979
7|4||11	4.388734
7|4||12	4.098764
7|4||13	3.631644
7|4||14	3.948467
7|4||2	4.088209
7|4||3	4.020491
7|4||4	3.486340
7|4||5	4.020507
7|4||6	4.019889
7|4||7	3.924340
7|4||8	4.418738
7|4||9	4.413063
7|5||0	2.394441
7|5||10	5.018701
7|5||11	5.003923
7|5||12	4.731509
7|5||13	4.149933
7|5||14	4.396293
7|5||2	4.533415
7|5||3	4.747236
7|5||4	4.093709
7|5||5	4.458135
7|5||6	4.746633
7|5||7	4.325370
7|5||8	5.031430
7|5||9	5.026019
7|6||0	2.393844
7|6||10	5.018034
7|6||11	5.003238
7|6||12	4.730793
7|6||13	4.149318
7|6||14	4.395643
7|6||2	4.532770
7|6||3	4.746612
7|6||4	4.093108
7|6||5	4.746629
7|6||6	4.457183
7|6||7	4.324725
7|6||8	5.030789
7|6||9	5.025375
7|7||0	2.109946
7|7||10	4.488036
7|7||11	4.471022
7|7||12	4.154460
7|7||13	3.736404
7|7||14	4.001268
7|7||2	4.050038
7|7||3	4.113046
7|7||4	3.868869
7|7||5	4.113046
7|7||6	4.112370
7|7||7	3.785146
7|7||8	4.502736
7|7||9	4.496957
7|8||0	2.946201
7|8||10	5.644967
7|8||11	5.631721
7|8||12	5.359415
7|8||13	4.811427
7|8||14	4.928709
7|8||2	5.188973
7|8||3	5.358421
7|8||4	4.775879
7|8||5	5.358421
7|8||6	5.357761
7|8||7	5.003878
7|8||8	5.412947
7|8||9	5.652621
7|9||0	2.941683
7|9||10	5.641276
7|9||11	5.627943
7|9||12	5.355094
7|9||13	4.807338
7|9||14	4.924425
7|9||2	5.184864
7|9||3	5.354792
7|9||4	4.771706
7|9||5	5.354792
7|9||6	5.354129
7|9||7	4.999874
7|9||8	5.654688
7|9||9	5.403317
7||0|0	8.892255
7||0|10	12.909889
7||0|11	12.901810
7||0|12	12.675125
7||0|13	11.229002
7||0|14	11.475027
7||0|2	12.556488
7||0|3	12.946080
7||0|4	12.556488
7||0|5	12.946080
7||0|6	12.945391
7||0|7	11.824607
7||0|8	12.922057
7||0|9	12.916889
7||10|0	-8.963292
7||10|10	-8.899425
7||10|11	-8.896066
7||10|12	-8.896088
7||10|13	-8.978625
7||10|14	-8.896988
7||10|2	-8.896376
7||10|3	-8.898507
7||10|4	-8.896058
7||10|5	-8.898506
7||10|6	-8.899402
7||10|7	-8.894327
7||10|8	-8.896146
7||10|9	-8.896162
7||11|0	-8.963289
7||11|10	-8.895971
7||11|11	-8.899282
7||11|12	-8.895957
7||11|13	-8.978547
7||11|14	-8.896862
7||11|2	-8.896248
7||11|3	-8.898386
7||11|4	-8.895946
7||11|5	-8.898386
7||11|6	-8.899268
7||11|7	-8.894202
7||11|8	-8.896011
7||11|9	-8.896026
7||12|0	-8.963289
7||12|10	-8.895977
7||12|11	-8.895962
7||12|12	-8.899289
7||12|13	-8.978549
7||12|14	-8.896870
7||12|2	-8.896256
7||12|3	-8.898394
7||12|4	-8.895958
7||12|5	-8.898394
7||12|6	-8.899276
7||12|7	-8.894211
7||12|8	-8.896022
7||12|9	-8.896037
7||13|0	-7.294936
7||13|10	-6.402074
7||13|11	-6.407115
7||13|12	-6.448329
7||13|13	-7.219724
7||13|14	-6.388605
7||13|2	-6.646406
7||13|3	-6.693302
7||13|4	-6.601561
7||13|5	-6.631083
7||13|6	-6.631361
7||13|7	-6.420780
7||13|8	-6.394402
7||13|9	-6.397876
7||14|0	-1.247076
7||14|10	0.631357
7||14|11	0.616287
7||14|12	0.248231
7||14|13	0.166091
7||14|14	-0.733996
7||14|2	0.654485
7||14|3	0.651539
7||14|4	0.654485
7||14|5	0.651539
7||14|6	0.650681
7||14|7	0.595130
7||14|8	0.647578
7||14|9	0.641039
7||2|0	4.932225
7||2|10	8.607996
7||2|11	8.600741
7||2|12	8.449407
7||2|13	6.898242
7||2|14	7.654350
7||2|2	8.679485
7||2|3	8.679485
7||2|4	6.543926
7||2|5	8.679485
7||2|6	8.678916
7||2|7	7.691760
7||2|8	8.616124
7||2|9	8.613353
7||3|0	3.578978
7||3|10	5.729892
7||3|11	5.713567
7||3|12	5.298294
7||3|13	4.976242
7||3|14	5.594043
7||3|2	5.754685
7||3|3	4.890455
7||3|4	5.754685
7||3|5	5.204009
7||3|6	5.203492
7||3|7	5.702574
7||3|8	5.746981
7||3|9	5.740571
7||4|0	8.524921
7||4|10	12.372571
7||4|11	12.361142
7||4|12	12.159895
7||4|13	10.510985
7||4|14	11.066433
7||4|2	10.950916
7||4|3	12.471993
7||4|4	12.471993
7||4|5	12.471993
7||4|6	12.471189
7||4|7	10.437228
7||4|8	12.384971
7||4|9	12.380959
7||5|0	3.578978
7||5|10	5.729892
7||5|11	5.713567
7||5|12	5.298294
7||5|13	4.976242
7||5|14	5.594043
7||5|2	5.754685
7||5|3	5.204009
7||5|4	5.754685
7||5|5	4.890455
7||5|6	5.203492
7||5|7	5.702574
7||5|8	5.746981
7||5|9	5.740571
7||6|0	3.578491
7||6|10	5.729287
7||6|11	5.712872
7||6|12	5.297722
7||6|13	4.975801
7||6|14	5.593375
7||6|2	5.754052
7||6|3	5.203546
7||6|4	5.754052
7||6|5	5.203546
7||6|6	4.889406
7||6|7	5.701931
7||6|8	5.746365
7||6|9	5.739974
7||7|0	4.261099
7||7|10	7.677101
7||7|11	7.668673
7||7|12	7.495393
7||7|13	6.267938
7||7|14	6.602338
7||7|2	7.691760
7||7|3	7.741727
7||7|4	5.721847
7||7|5	7.741727
7||7|6	7.741021
7||7|7	7.025373
7||7|8	7.686655
7||7|9	7.683387
7||8|0	-8.963175
7||8|10	-8.899587
7||8|11	-8.899572
7||8|12	-8.899597
7||8|13	-8.980564
7||8|14	-8.900248
7||8|2	-8.899336
7||8|3	-8.901896
7||8|4	-8.899531
7||8|5	-8.901895
7||8|6	-8.902913
7||8|7	-8.897728
7||8|8	-8.902939
7||8|9	-8.899367
7||9|0	-8.963166
7||9|10	-8.898445
7||9|11	-8.898426
7||9|12	-8.898454
7||9|13	-8.980001
7||9|14	-8.899232
7||9|2	-8.897831
7||9|3	-8.900261
7||9|4	-8.897887
7||9|5	-8.900260
7||9|6	-8.901249
7||9|7	-8.896232
7||9|8	-8.897980
7||9|9	-8.901265
8,10|||0	1.175811
8,10|||10	1.893470
8,10|||11	2.194674
8,10|||12	2.194674
8,10|||13	2.126032
8,10|||14	2.163262
8,10|||2	2.031125
8,10|||3	1.962993
8,10|||4	1.729239
8,10|||5	1.962993
8,10|||6	1.962993
8,10|||7	2.031125
8,10|||8	2.091129
8,10|||9	2.194674
8,11|||0	1.500978
8,11|||10	2.591994
8,11|||11	2.200374
8,11|||12	2.591994
8,11|||13	2.522632
8,11|||14	2.558595
8,11|||2	2.422473
8,11|||3	2.345391
8,11|||4	2.114826
8,11|||5	2.345391
8,11|||6	2.345391
8,11|||7	2.422473
8,11|||8	2.502703
8,11|||9	2.591994
8,12|||0	4.259842
8,12|||10	5.959295
8,12|||11	5.959295
8,12|||12	4.907581
8,12|||13	5.911202
8,12|||14	5.909556
8,12|||2	5.718017
8,12|||3	5.587797
8,12|||4	5.369786
8,12|||5	5.587797
8,12|||6	5.587797
8,12|||7	5.718017
8,12|||8	5.886671
8,12|||9	5.959295
8,13|||0	5.008991
8,13|||10	8.252572
8,13|||11	8.252572
8,13|||12	8.252572
8,13|||13	5.418938
8,13|||14	8.174571
8,13|||2	7.940797
8,13|||3	7.599771
8,13|||4	7.574292
8,13|||5	7.599771
8,13|||6	7.599771
8,13|||7	7.940797
8,13|||8	8.166202
8,13|||9	8.252572
8,14|||0	6.814304
8,14|||10	10.611156
8,14|||11	10.611156
8,14|||12	10.611156
8,14|||13	9.354119
8,14|||14	8.795761
8,14|||2	9.996796
8,14|||3	10.668402
8,14|||4	8.953735
8,14|||5	10.668402
8,14|||6	10.668402
8,14|||7	9.996796
8,14|||8	10.705827
8,14|||9	10.611156
8,8|||0	6.385144
8,8|||10	11.000589
8,8|||11	11.000589
8,8|||12	11.000589
8,8|||13	7.964063
8,8|||14	10.981472
8,8|||2	10.081228
8,8|||3	10.929864
8,8|||4	8.731349
8,8|||5	10.929864
8,8|||6	10.929864
8,8|||7	10.081228
8,8|||8	8.539060
8,8|||9	11.000589
8,9|||0	0.856909
8,9|||10	1.816075
8,9|||11	1.816075
8,9|||12	1.816075
8,9|||13	1.745808
8,9|||14	1.786369
8,9|||2	1.657315
8,9|||3	1.596203
8,9|||4	1.361721
8,9|||5	1.596203
8,9|||6	1.596203
8,9|||7	1.657315
8,9|||8	1.690966
8,9|||9	1.591889
8|0||0	4.993133
8|0||10	9.892855
8|0||11	9.885211
8|0||12	9.780854
8|0||13	9.745894
8|0||14	8.728720
8|0||2	9.118558
8|0||3	9.702372
8|0||4	7.714617
8|0||5	9.702372
8|0||6	9.701618
8|0||7	9.116529
8|0||8	7.693645
8|0||9	9.897239
8|10||0	3.733904
8|10||10	6.450391
8|10||11	6.683024
8|10||12	6.453089
8|10||13	5.617146
8|10||14	5.967965
8|10||2	6.255553
8|10||3	6.467443
8|10||4	5.614536
8|10||5	6.467443
8|10||6	6.466875
8|10||7	6.253766
8|10||8	6.148396
8|10||9	6.699289
8|11||0	3.719234
8|11||10	6.683817
8|11||11	6.432348
8|11||12	6.439527
8|11||13	5.601042
8|11||14	5.956852
8|11||2	6.247468
8|11||3	6.459423
8|11||4	5.604321
8|11||5	6.459423
8|11||6	6.458840
8|11||7	6.245558
8|11||8	6.137105
8|11||9	6.690573
8|12||0	3.442689
8|12||10	6.400422
8|12||11	6.386091
8|12||12	5.985618
8|12||13	5.241849
8|12||14	5.637451
8|12||2	5.963434
8|12||3	6.196874
8|12||4	5.336705
8|12||5	6.196874
8|12||6	6.196187
8|12||7	5.961350
8|12||8	5.820967
8|12||9	6.409281
8|13||0	8.605017
8|13||10	14.220150
8|13||11	14.214883
8|13||12	14.156965
8|13||13	14.214057
8|13||14	12.904236
8|13||2	12.982169
8|13||3	14.227906
8|13||4	11.243036
8|13||5	14.227906
8|13||6	14.227092
8|13||7	12.980220
8|13||8	11.264694
8|13||9	14.224593
8|14||0	2.938700
8|14||10	5.533373
8|14||11	5.519719
8|14||12	5.224146
8|14||13	4.405414
8|14||14	5.223128
8|14||2	5.168549
8|14||3	5.250069
8|14||4	4.628958
8|14||5	5.250069
8|14||6	5.249530
8|14||7	5.166587
8|14||8	4.905753
8|14||9	5.540980
8|2||0	3.185913
8|2||10	5.962433
8|2||11	5.952107
8|2||12	5.703190
8|2||13	4.957876
8|2||14	5.403695
8|2||2	5.333940
8|2||3	5.691139
8|2||4	5.042183
8|2||5	5.691139
8|2||6	5.690610
8|2||7	5.466858
8|2||8	5.447660
8|2||9	5.968433
8|3||0	3.236629
8|3||10	6.140201
8|3||11	6.129900
8|3||12	5.903220
8|3||13	5.014585
8|3||14	5.513103
8|3||2	5.685789
8|3||3	5.644786
8|3||4	5.001804
8|3||5	5.936332
8|3||6	5.935834
8|3||7	5.684044
8|3||8	5.540958
8|3||9	6.146039
8|4||0	2.568675
8|4||10	5.245941
8|4||11	5.234113
8|4||12	4.983067
8|4||13	4.283136
8|4||14	4.795804
8|4||2	4.936055
8|4||3	4.916934
8|4||4	4.107281
8|4||5	4.916963
8|4||6	4.916453
8|4||7	4.934227
8|4||8	4.774799
8|4||9	5.252744
8|5||0	3.236576
8|5||10	6.140165
8|5||11	6.129866
8|5||12	5.903151
8|5||13	5.014585
8|5||14	5.513061
8|5||2	5.685750
8|5||3	5.936258
8|5||4	5.001771
8|5||5	5.644712
8|5||6	5.935786
8|5||7	5.684006
8|5||8	5.540914
8|5||9	6.146004
8|6||0	3.236062
8|6||10	6.139598
8|6||11	6.129300
8|6||12	5.902512
8|6||13	5.014035
8|6||14	5.512505
8|6||2	5.685219
8|6||3	5.935743
8|6||4	5.001244
8|6||5	5.935768
8|6||6	5.643964
8|6||7	5.683470
8|6||8	5.540309
8|6||9	6.145455
8|7||0	3.184821
8|7||10	5.961204
8|7||11	5.950780
8|7||12	5.701939
8|7||13	4.956817
8|7||14	5.402350
8|7||2	5.467396
8|7||3	5.689777
8|7||4	5.040964
8|7||5	5.689777
8|7||6	5.689237
8|7||7	5.330755
8|7||8	5.446285
8|7||9	5.967214
8|8||0	3.105569
8|8||10	5.754590
8|8||11	5.740372
8|8||12	5.456369
8|8||13	4.831906
8|8||14	5.161915
8|8||2	5.401152
8|8||3	5.469117
8|8||4	4.859636
8|8||5	5.469117
8|8||6	5.468516
8|8||7	5.398997
8|8||8	5.098215
8|8||9	5.761710
8|9||0	3.739878
8|9||10	6.696846
8|9||11	6.687070
8|9||12	6.459173
8|9||13	5.622786
8|9||14	5.972137
8|9||2	6.259092
8|9||3	6.471378
8|9||4	5.619475
8|9||5	6.471378
8|9||6	6.470827
8|9||7	6.257293
8|9||8	6.152829
8|9||9	6.460503
8||0|0	9.742034
8||0|10	14.056264
8||0|11	14.048037
8||0|12	13.869660
8||0|13	11.998908
8||0|14	12.677890
8||0|2	13.808135
8||0|3	14.114382
8||0|4	13.808135
8||0|5	14.114382
8||0|6	14.113711
8||0|7	13.806295
8||0|8	12.842834
8||0|9	14.063870
8||10|0	-8.963292
8||10|10	-8.899749
8||10|11	-8.896363
8||10|12	-8.896386
8||10|13	-8.978794
8||10|14	-8.897264
8||10|2	-8.896687
8||10|3	-8.898781
8||10|4	-8.896352
8||10|5	-8.898780
8||10|6	-8.899714
8||10|7	-8.896367
8||10|8	-8.894597
8||10|9	-8.896435
8||11|0	-8.963289
8||11|10	-8.896248
8||11|11	-8.899571
8||11|12	-8.896232
8||11|13	-8.978699
8||11|14	-8.897115
8||11|2	-8.896537
8||11|3	-8.898641
8||11|4	-8.879497
8||11|5	-8.881455
8||11|6	-8.881455
8||11|7	-8.879497
8||11|8	-8.877398
8||11|9	-8.879497
8||12|0	-8.961365
8||12|10	-8.880223
8||12|11	-8.880223
8||12|12	-8.882203
8||12|13	-8.972621
8||12|14	-8.880526
8||12|2	-8.880225
8||12|3	-8.882003
8||12|4	-8.880150
8||12|5	-8.882203
8||12|6	-8.882203
8||12|7	-8.880223
8||12|8	-8.877398
8||12|9	-8.879497
8||13|0	-7.253379
8||13|10	-6.339179
8||13|11	-6.344188
8||13|12	-6.382601
8||13|13	-7.176827
8||13|14	-6.325912
8||13|2	-6.590143
8||13|3	-6.638199
8||13|4	-6.544205
8||13|5	-6.574459
8||13|6	-6.574738
8||13|7	-6.329613
8||13|8	-6.377869
8||13|9	-6.335005
8||14|0	-1.122653
8||14|10	0.730786
8||14|11	0.716829
8||14|12	0.361891
8||14|13	0.294757
8||14|14	-0.644529
8||14|2	0.756439
8||14|3	0.752665
8||14|4	0.756439
8||14|5	0.752665
8||14|6	0.751908
8||14|7	0.753704
8||14|8	0.656053
8||14|9	0.740113
8||2|0	5.154286
8||2|10	8.851112
8||2|11	8.843694
8||2|12	8.698721
8||2|13	7.142594
8||2|14	7.913919
8||2|2	8.920830
8||2|3	8.920830
8||2|4	6.773738
8||2|5	8.920830
8||2|6	8.920291
8||2|7	8.860919
8||2|8	7.872057
8||2|9	8.856027
8||3|0	3.727748
8||3|10	5.862426
8||3|11	5.848922
8||3|12	5.450104
8||3|13	5.130985
8||3|14	5.720341
8||3|2	5.884891
8||3|3	5.018055
8||3|4	5.884891
8||3|5	5.336184
8||3|6	5.335746
8||3|7	5.882563
8||3|8	5.792693
8||3|9	5.870972
8||4|0	10.764925
8||4|10	15.236863
8||4|11	15.226931
8||4|12	15.087113
8||4|13	12.759376
8||4|14	14.059515
8||4|2	14.086692
8||4|3	15.336192
8||4|4	15.336192
8||4|5	15.336192
8||4|6	15.335573
8||4|7	14.085462
8||4|8	13.788129
8||4|9	15.243276
8||5|0	3.727748
8||5|10	5.862426
8||5|11	5.848922
8||5|12	5.450104
8||5|13	5.130985
8||5|14	5.720341
8||5|2	5.884891
8||5|3	5.336184
8||5|4	5.884891
8||5|5	5.018055
8||5|6	5.335746
8||5|7	5.882563
8||5|8	5.792693
8||5|9	5.870972
8||6|0	3.727262
8||6|10	5.861986
8||6|11	5.848418
8||6|12	5.449581
8||6|13	5.130532
8||6|14	5.719774
8||6|2	5.884430
8||6|3	5.335790
8||6|4	5.884430
8||6|5	5.335790
8||6|6	5.017181
8||6|7	5.882111
8||6|8	5.792171
8||6|9	5.870530
8||7|0	5.152408
8||7|10	8.849141
8||7|11	8.841801
8||7|12	8.696645
8||7|13	7.140725
8||7|14	7.911920
8||7|2	8.860919
8||7|3	8.918993
8||7|4	6.771830
8||7|5	8.918993
8||7|6	8.918446
8||7|7	8.917659
8||7|8	7.869785
8||7|9	8.854158
8||8|0	-8.961479
8||8|10	-8.886357
8||8|11	-8.886357
8||8|12	-8.886357
8||8|13	-8.975787
8||8|14	-8.886667
8||8|2	-8.885683
8||8|3	-8.888457
8||8|4	-8.885683
8||8|5	-8.888474
8||8|6	-8.888863
8||8|7	-8.885830
8||8|8	-8.887870
8||8|9	-8.886357
8||9|0	-8.961852
8||9|10	-8.889228
8||9|11	-8.889228
8||9|12	-8.889228
8||9|13	-8.976869
8||9|14	-8.888799
8||9|2	-8.888375
8||9|3	-8.890802
8||9|4	-8.888375
8||9|5	-8.890820
8||9|6	-8.891267
8||9|7	-8.888557
8||9|8	-8.886523
8||9|9	-8.891493
9,10|||0	1.413140
9,10|||10	2.170528
9,10|||11	2.442358
9,10|||12	2.442358
9,10|||13	2.377839
9,10|||14	2.410143
9,10|||2	2.275686
9,10|||3	2.204180
9,10|||4	1.971608
9,10|||5	2.204180
9,10|||6	2.204180
9,10|||7	2.275686
9,10|||8	2.442358
9,10|||9	2.270059
9,11|||0	1.731786
9,11|||10	2.819684
9,11|||11	2.472298
9,11|||12	2.819684
9,11|||13	2.756992
9,11|||14	2.785618
9,11|||2	2.648474
9,11|||3	2.569422
9,11|||4	2.337755
9,11|||5	2.569422
9,11|||6	2.569422
9,11|||7	2.648474
9,11|||8	2.819684
9,11|||9	2.670181
9,12|||0	4.356634
9,12|||10	6.036835
9,12|||11	6.036835
9,12|||12	5.022223
9,12|||13	5.988068
9,12|||14	5.987120
9,12|||2	5.795877
9,12|||3	5.664843
9,12|||4	5.446596
9,12|||5	5.664843
9,12|||6	5.664843
9,12|||7	5.795877
9,12|||8	6.036835
9,12|||9	5.942073
9,13|||0	5.067507
9,13|||10	8.249646
9,13|||11	8.249646
9,13|||12	8.249646
9,13|||13	5.505611
9,13|||14	8.174856
9,13|||2	7.958413
9,13|||3	7.617722
9,13|||4	7.586110
9,13|||5	7.617722
9,13|||6	7.617722
9,13|||7	7.958413
9,13|||8	8.271589
9,13|||9	8.138140
9,14|||0	6.945263
9,14|||10	10.742040
9,14|||11	10.742040
9,14|||12	10.742040
9,14|||13	9.498242
9,14|||14	8.954138
9,14|||2	10.130356
9,14|||3	10.793028
9,14|||4	9.080880
9,14|||5	10.793028
9,14|||6	10.793028
9,14|||7	10.130356
9,14|||8	10.742040
9,14|||9	10.803660
9,9|||0	6.997028
9,9|||10	11.612819
9,9|||11	11.612819
9,9|||12	11.612819
9,9|||13	8.608136
9,9|||14	11.590883
9,9|||2	10.706866
9,9|||3	11.533876
9,9|||4	9.365181
9,9|||5	11.533876
9,9|||6	11.533876
9,9|||7	10.706866
9,9|||8	11.612819
9,9|||9	9.213153
9|0||0	5.227194
9|0||10	10.131742
9|0||11	10.124471
9|0||12	10.022578
9|0||13	9.985125
9|0||14	8.979727
9|0||2	9.360317
9|0||3	9.938139
9|0||4	7.945770
9|0||5	9.938125
9|0||6	9.937402
9|0||7	9.358334
9|0||8	10.138254
9|0||9	7.863574
9|10||0	3.960065
9|10||10	6.682471
9|10||11	6.907346
9|10||12	6.692921
9|10||13	5.842342
9|10||14	6.203460
9|10||2	6.473562
9|10||3	6.689070
9|10||4	5.827789
9|10||5	6.689070
9|10||6	6.688537
9|10||7	6.471774
9|10||8	6.925089
9|10||9	6.307988
9|11||0	3.947086
9|11||10	6.909043
9|11||11	6.666706
9|11||12	6.681276
9|11||13	5.828838
9|11||14	6.194327
9|11||2	6.466410
9|11||3	6.681849
9|11||4	5.818508
9|11||5	6.681849
9|11||6	6.681303
9|11||7	6.464538
9|11||8	6.918002
9|11||9	6.298114
9|12||0	3.686671
9|12||10	6.646952
9|12||11	6.634021
9|12||12	6.248570
9|12||13	5.496973
9|12||14	5.897402
9|12||2	6.199878
9|12||3	6.436407
9|12||4	5.566351
9|12||5	6.436407
9|12||6	6.435744
9|12||7	6.197806
9|12||8	6.658370
9|12||9	5.998893
9|13||0	8.818461
9|13||10	14.458383
9|13||11	14.453134
9|13||12	14.395788
9|13||13	14.452519
9|13||14	13.150843
9|13||2	13.218380
9|13||3	14.464751
9|13||4	11.470358
9|13||5	14.464751
9|13||6	14.463966
9|13||7	13.216470
9|13||8	14.465017
9|13||9	11.436516
9|14||0	3.187127
9|14||10	5.782609
9|14||11	5.770335
9|14||12	5.493347
9|14||13	4.655117
9|14||14	5.470372
9|14||2	5.406419
9|14||3	5.499656
9|14||4	4.862364
9|14||5	5.499656
9|14||6	5.499148
9|14||7	5.404446
9|14||8	5.792586
9|14||9	5.086875
9|2||0	3.398677
9|2||10	6.159091
9|2||11	6.149779
9|2||12	5.912068
9|2||13	5.171011
9|2||14	5.604701
9|2||2	5.528601
9|2||3	5.891954
9|2||4	5.230069
9|2||5	5.891954
9|2||6	5.891439
9|2||7	5.663603
9|2||8	6.178709
9|2||9	5.572814
9|3||0	3.451510
9|3||10	6.352989
9|3||11	6.343798
9|3||12	6.129687
9|3||13	5.232644
9|3||14	5.729801
9|3||2	5.888647
9|3||3	5.871877
9|3||4	5.199001
9|3||5	6.154500
9|3||6	6.154013
9|3||7	5.886901
9|3||8	6.369126
9|3||9	5.680196
9|4||0	2.778569
9|4||10	5.441965
9|4||11	5.430942
9|4||12	5.192747
9|4||13	4.498468
9|4||14	4.988940
9|4||2	5.130470
9|4||3	5.119741
9|4||4	4.281587
9|4||5	5.119772
9|4||6	5.119259
9|4||7	5.128638
9|4||8	5.462276
9|4||9	4.892721
9|5||0	3.451466
9|5||10	6.352918
9|5||11	6.343729
9|5||12	6.129621
9|5||13	5.232644
9|5||14	5.729727
9|5||2	5.888609
9|5||3	6.154428
9|5||4	5.198972
9|5||5	5.871804
9|5||6	6.153966
9|5||7	5.886864
9|5||8	6.369056
9|5||9	5.680155
9|6||0	3.450962
9|6||10	6.352390
9|6||11	6.343203
9|6||12	6.129016
9|6||13	5.232143
9|6||14	5.729177
9|6||2	5.888088
9|6||3	6.153919
9|6||4	5.198441
9|6||5	6.153945
9|6||6	5.871073
9|6||7	5.886340
9|6||8	6.368544
9|6||9	5.679562
9|7||0	3.397557
9|7||10	6.157650
9|7||11	6.148302
9|7||12	5.910660
9|7||13	5.169903
9|7||14	5.603162
9|7||2	5.663907
9|7||3	5.890450
9|7||4	5.228679
9|7||5	5.890450
9|7||6	5.889925
9|7||7	5.525342
9|7||8	6.177282
9|7||9	5.571297
9|8||0	3.939496
9|8||10	6.878168
9|8||11	6.869199
9|8||12	6.655854
9|8||13	5.833464
9|8||14	6.159197
9|8||2	6.440730
9|8||3	6.667072
9|8||4	5.792291
9|8||5	6.667072
9|8||6	6.666547
9|8||7	6.438952
9|8||8	6.657372
9|8||9	6.266000
9|9||0	3.261539
9|9||10	5.914228
9|9||11	5.901325
9|9||12	5.629639
9|9||13	4.980854
9|9||14	5.329435
9|9||2	5.553008
9|9||3	5.625628
9|9||4	5.003547
9|9||5	5.625628
9|9||6	5.625076
9|9||7	5.550890
9|9||8	5.924201
9|9||9	5.184743
9||0|0	10.069933
9||0|10	14.396592
9||0|11	14.388552
9||0|12	14.221330
9||0|13	12.315354
9||0|14	13.030709
9||0|2	14.147058
9||0|3	14.454319
9||0|4	14.147058
9||0|5	14.454319
9||0|6	14.453626
9||0|7	14.145152
9||0|8	14.411479
9||0|9	13.085470
9||10|0	-8.962265
9||10|10	-8.898955
9||10|11	-8.895905
9||10|12	-8.896538
9||10|13	-8.980065
9||10|14	-8.896607
9||10|2	-8.896464
9||10|3	-8.898082
9||10|4	-8.896094
9||10|5	-8.898725
9||10|6	-8.898729
9||10|7	-8.896499
9||10|8	-8.896499
9||10|9	-8.894267
9||11|0	-8.962058
9||11|10	-8.894709
9||11|11	-8.896822
9||11|12	-8.894701
9||11|13	-8.979431
9||11|14	-8.894829
9||11|2	-8.894648
9||11|3	-8.896266
9||11|4	-8.894316
9||11|5	-8.896851
9||11|6	-8.896851
9||11|7	-8.894658
9||11|8	-8.894658
9||11|9	-8.892526
9||12|0	-8.962085
9||12|10	-8.896202
9||12|11	-8.895600
9||12|12	-8.898661
9||12|13	-8.980527
9||12|14	-8.896286
9||12|2	-8.896111
9||12|3	-8.897738
9||12|4	-8.895732
9||12|5	-8.898349
9||12|6	-8.898349
9||12|7	-8.896117
9||12|8	-8.896117
9||12|9	-8.893921
9||13|0	-7.209815
9||13|10	-6.272903
9||13|11	-6.277720
9||13|12	-6.314765
9||13|13	-7.131403
9||13|14	-6.259789
9||13|2	-6.530728
9||13|3	-6.579975
9||13|4	-6.483643
9||13|5	-6.514653
9||13|6	-6.514932
9||13|7	-6.263491
9||13|8	-6.266117
9||13|9	-6.331954
9||14|0	-0.977209
9||14|10	0.843387
9||14|11	0.831754
9||14|12	0.506927
9||14|13	0.471013
9||14|14	-0.533743
9||14|2	0.874972
9||14|3	0.870842
9||14|4	0.874972
9||14|5	0.870842
9||14|6	0.870187
9||14|7	0.872725
9||14|8	0.870591
9||14|9	0.727424
9||2|0	5.384518
9||2|10	9.104076
9||2|11	9.096589
9||2|12	8.957403
9||2|13	7.395866
9||2|14	8.179173
9||2|2	9.172343
9||2|3	9.172343
9||2|4	7.012732
9||2|5	9.172343
9||2|6	9.171828
9||2|7	9.114668
9||2|8	9.113384
9||2|9	8.058294
9||3|0	3.916669
9||3|10	5.983892
9||3|11	5.971277
9||3|12	5.590966
9||3|13	5.296302
9||3|14	5.835634
9||3|2	6.013611
9||3|3	5.140815
9||3|4	6.013611
9||3|5	5.462433
9||3|6	5.461957
9||3|7	6.011324
9||3|8	6.009529
9||3|9	5.870446
9||4|0	11.073215
9||4|10	15.572740
9||4|11	15.562639
9||4|12	15.432432
9||4|13	13.081449
9||4|14	14.406319
9||4|2	14.405253
9||4|3	15.669193
9||4|4	15.669193
9||4|5	15.669193
9||4|6	15.668580
9||4|7	14.403988
9||4|8	15.583920
9||4|9	14.033822
9||5|0	3.916669
9||5|10	5.983892
9||5|11	5.971277
9||5|12	5.590966
9||5|13	5.296302
9||5|14	5.835634
9||5|2	6.013611
9||5|3	5.462433
9||5|4	6.013611
9||5|5	5.140815
9||5|6	5.461957
9||5|7	6.011324
9||5|8	6.009529
9||5|9	5.870446
9||6|0	3.916243
9||6|10	5.983424
9||6|11	5.970774
9||6|12	5.590449
9||6|13	5.295897
9||6|14	5.835046
9||6|2	6.013122
9||6|3	5.461990
9||6|4	6.013122
9||6|5	5.461990
9||6|6	5.139896
9||6|7	6.010843
9||6|8	6.009052
9||6|9	5.869937
9||7|0	5.382586
9||7|10	9.102161
9||7|11	9.094752
9||7|12	8.955371
9||7|13	7.394022
9||7|14	8.177184
9||7|2	9.114668
9||7|3	9.170546
9||7|4	7.010835
9||7|5	9.170546
9||7|6	9.170024
9||7|7	9.169246
9||7|8	9.111544
9||7|9	8.056044
9||8|0	-8.962484
9||8|10	-8.899154
9||8|11	-8.898381
9||8|12	-8.898477
9||8|13	-8.981288
9||8|14	-8.899008
9||8|2	-8.899153
9||8|3	-8.900539
9||8|4	-8.898636
9||8|5	-8.901375
9||8|6	-8.901349
9||8|7	-8.899206
9||8|8	-8.901537
9||8|9	-8.896757
9||9|0	-8.962262
9||9|10	-8.897523
9||9|11	-8.896872
9||9|12	-8.896942
9||9|13	-8.980874
9||9|14	-8.897911
9||9|2	-8.897583
9||9|3	-8.899303
9||9|4	-8.897066
9||9|5	-8.900141
9||9|6	-8.900125
9||9|7	-8.897624
9||9|8	-8.897477
9||9|9	-8.899102
|0,0||10	4.333547
|0,0||11	4.287268
|0,0||12	4.035652
|0,0||13	4.253836
|0,0||14	3.454015
|0,0||2	4.020622
|0,0||3	4.265707
|0,0||4	3.089245
|0,0||5	4.265158
|0,0||6	4.260031
|0,0||7	4.007890
|0,0||8	4.403107
|0,0||9	4.388086
|0,10||0	4.157144
|0,10||10	8.520226
|0,10||11	8.300797
|0,10||12	8.015608
|0,10||13	8.274275
|0,10||14	7.207976
|0,10||2	7.919762
|0,10||3	8.309193
|0,10||4	6.741558
|0,10||5	8.308896
|0,10||6	8.307007
|0,10||7	7.908252
|0,10||8	8.393593
|0,10||9	8.368720
|0,11||0	4.125464
|0,11||10	8.301308
|0,11||11	8.468024
|0,11||12	7.974443
|0,11||13	8.236027
|0,11||14	7.169247
|0,11||2	7.883880
|0,11||3	8.274106
|0,11||4	6.708334
|0,11||5	8.273811
|0,11||6	8.271927
|0,11||7	7.872410
|0,11||8	8.359374
|0,11||9	8.334802
|0,12||0	3.862097
|0,12||10	8.019679
|0,12||11	7.978057
|0,12||12	8.005584
|0,12||13	7.932353
|0,12||14	6.847014
|0,12||2	7.585557
|0,12||3	7.982067
|0,12||4	6.423154
|0,12||5	7.981779
|0,12||6	7.979949
|0,12||7	7.575299
|0,12||8	8.073896
|0,12||9	8.050357
|0,13||0	2.876386
|0,13||10	7.075389
|0,13||11	7.043118
|0,13||12	6.788991
|0,13||13	7.236856
|0,13||14	5.939267
|0,13||2	6.343867
|0,13||3	7.266814
|0,13||4	4.867081
|0,13||5	7.265578
|0,13||6	7.262047
|0,13||7	6.334962
|0,13||8	7.116497
|0,13||9	7.099047
|0,14||0	3.235552
|0,14||10	7.215015
|0,14||11	7.175635
|0,14||12	6.849528
|0,14||13	7.115086
|0,14||14	6.410078
|0,14||2	6.814941
|0,14||3	7.156845
|0,14||4	5.707977
|0,14||5	7.156514
|0,14||6	7.154534
|0,14||7	6.803497
|0,14||8	7.267634
|0,14||9	7.244796
|0,2||0	3.817703
|0,2||10	7.929185
|0,2||11	7.892435
|0,2||12	7.590181
|0,2||13	7.840096
|0,2||14	6.817525
|0,2||2	7.388593
|0,2||3	7.832335
|0,2||4	6.431773
|0,2||5	7.832055
|0,2||6	7.830187
|0,2||7	7.366067
|0,2||8	7.979340
|0,2||9	7.957492
|0,3||0	4.042348
|0,3||10	8.323783
|0,3||11	8.287882
|0,3||12	7.992229
|0,3||13	8.276254
|0,3||14	7.165073
|0,3||2	7.836346
|0,3||3	8.312171
|0,3||4	6.567846
|0,3||5	8.259836
|0,3||6	8.258056
|0,3||7	7.826982
|0,3||8	8.373316
|0,3||9	8.351292
|0,4||0	2.863778
|0,4||10	6.751700
|0,4||11	6.717685
|0,4||12	6.429732
|0,4||13	6.632454
|0,4||14	5.713585
|0,4||2	6.434509
|0,4||3	6.565886
|0,4||4	5.159861
|0,4||5	6.565692
|0,4||6	6.563948
|0,4||7	6.427063
|0,4||8	6.801093
|0,4||9	6.779385
|0,5||0	4.042255
|0,5||10	8.323487
|0,5||11	8.287589
|0,5||12	7.991942
|0,5||13	8.275956
|0,5||14	7.164743
|0,5||2	7.836073
|0,5||3	8.259840
|0,5||4	6.567654
|0,5||5	8.311773
|0,5||6	8.257764
|0,5||7	7.826710
|0,5||8	8.373004
|0,5||9	8.350992
|0,6||0	4.040331
|0,6||10	8.321621
|0,6||11	8.285724
|0,6||12	7.990146
|0,6||13	8.274071
|0,6||14	7.162784
|0,6||2	7.834231
|0,6||3	8.258086
|0,6||4	6.565931
|0,6||5	8.257790
|0,6||6	8.309085
|0,6||7	7.824845
|0,6||8	8.371055
|0,6||9	8.349067
|0,7||0	3.807772
|0,7||10	7.915484
|0,7||11	7.878973
|0,7||12	7.578008
|0,7||13	7.828922
|0,7||14	6.804271
|0,7||2	7.363392
|0,7||3	7.820017
|0,7||4	6.421668
|0,7||5	7.819737
|0,7||6	7.817845
|0,7||7	7.373666
|0,7||8	7.965275
|0,7||9	7.943352
|0,8||0	4.205037
|0,8||10	8.392465
|0,8||11	8.357839
|0,8||12	8.068994
|0,8||13	8.323709
|0,8||14	7.259424
|0,8||2	7.968365
|0,8||3	8.357575
|0,8||4	6.789126
|0,8||5	8.357261
|0,8||6	8.355293
|0,8||7	7.956716
|0,8||8	8.589576
|0,8||9	8.418895
|0,9||0	4.182573
|0,9||10	8.368215
|0,9||11	8.333858
|0,9||12	8.045879
|0,9||13	8.301936
|0,9||14	7.237275
|0,9||2	7.947284
|0,9||3	8.336173
|0,9||4	6.768246
|0,9||5	8.335869
|0,9||6	8.333914
|0,9||7	7.935527
|0,9||8	8.419564
|0,9||9	8.560339
|0|0|10	18.314699
|0|0|11	18.250539
|0|0|12	17.741239
|0|0|13	18.513154
|0|0|14	15.997599
|0|0|2	18.212741
|0|0|3	18.614405
|0|0|4	18.207557
|0|0|5	18.612650
|0|0|6	18.603484
|0|0|7	18.155755
|0|0|8	18.408571
|0|0|9	18.368162
|0|10|0	-8.760698
|0|10|10	-8.575018
|0|10|11	-8.569479
|0|10|12	-8.569680
|0|10|13	-8.883807
|0|10|14	-8.551337
|0|10|2	-8.553338
|0|10|3	-8.558720
|0|10|4	-8.552938
|0|10|5	-8.559268
|0|10|6	-8.559279
|0|10|7	-8.553494
|0|10|8	-8.555069
|0|10|9	-8.556942
|0|11|0	-8.756152
|0|11|10	-8.549860
|0|11|11	-8.557353
|0|11|12	-8.550035
|0|11|13	-8.877586
|0|11|14	-8.543068
|0|11|2	-8.546044
|0|11|3	-8.550538
|0|11|4	-8.544671
|0|11|5	-8.551077
|0|11|6	-8.551269
|0|11|7	-8.544998
|0|11|8	-8.546072
|0|11|9	-8.548440
|0|12|0	-8.751729
|0|12|10	-8.545396
|0|12|11	-8.545377
|0|12|12	-8.553071
|0|12|13	-8.877758
|0|12|14	-8.539186
|0|12|2	-8.541506
|0|12|3	-8.546663
|0|12|4	-8.540705
|0|12|5	-8.547202
|0|12|6	-8.547394
|0|12|7	-8.541607
|0|12|8	-8.541607
|0|12|9	-8.544114
|0|13|0	-7.137093
|0|13|10	-5.481147
|0|13|11	-5.493686
|0|13|12	-5.601404
|0|13|13	-7.137093
|0|13|14	-5.444608
|0|13|2	-5.581033
|0|13|3	-5.594021
|0|13|4	-5.581033
|0|13|5	-5.594021
|0|13|6	-5.595211
|0|13|7	-5.453953
|0|13|8	-5.461202
|0|13|9	-5.470340
|0|14|0	-2.707948
|0|14|10	-0.772256
|0|14|11	-0.814005
|0|14|12	-1.092586
|0|14|13	-1.130056
|0|14|14	-2.291167
|0|14|2	-0.707914
|0|14|3	-0.708506
|0|14|4	-0.707914
|0|14|5	-0.708506
|0|14|6	-0.709750
|0|14|7	-0.712362
|0|14|8	-0.722237
|0|14|9	-0.743901
|0|2|0	6.796962
|0|2|10	12.279231
|0|2|11	12.236057
|0|2|12	11.903357
|0|2|13	12.388913
|0|2|14	10.881263
|0|2|2	12.501709
|0|2|3	12.500852
|0|2|4	9.222164
|0|2|5	12.499135
|0|2|6	12.494485
|0|2|7	12.357645
|0|2|8	12.337757
|0|2|9	12.311711
|0|3|0	3.414403
|0|3|10	6.276904
|0|3|11	6.232329
|0|3|12	5.821469
|0|3|13	5.652343
|0|3|14	5.437932
|0|3|2	6.334434
|0|3|3	4.733003
|0|3|4	6.334434
|0|3|5	5.828790
|0|3|6	5.827542
|0|3|7	6.329344
|0|3|8	6.325110
|0|3|9	6.307965
|0|4|0	14.086684
|0|4|10	20.848089
|0|4|11	20.789783
|0|4|12	20.354099
|0|4|13	21.055475
|0|4|14	19.047808
|0|4|2	19.560829
|0|4|3	21.201475
|0|4|4	21.200131
|0|4|5	21.198778
|0|4|6	21.192427
|0|4|7	19.544787
|0|4|8	20.929669
|0|4|9	20.894194
|0|5|0	3.414403
|0|5|10	6.276904
|0|5|11	6.232329
|0|5|12	5.821469
|0|5|13	5.652343
|0|5|14	5.437932
|0|5|2	6.334434
|0|5|3	5.828790
|0|5|4	6.334434
|0|5|5	4.733003
|0|5|6	5.827542
|0|5|7	6.329344
|0|5|8	6.325110
|0|5|9	6.307965
|0|6|0	3.413195
|0|6|10	6.275375
|0|6|11	6.230742
|0|6|12	5.819980
|0|6|13	5.650922
|0|6|14	5.436338
|0|6|2	6.333024
|0|6|3	5.827461
|0|6|4	6.333024
|0|6|5	5.827461
|0|6|6	4.731031
|0|6|7	6.327908
|0|6|8	6.323676
|0|6|9	6.306310
|0|7|0	6.760767
|0|7|10	12.226544
|0|7|11	12.183359
|0|7|12	11.856663
|0|7|13	12.345985
|0|7|14	10.836742
|0|7|2	12.357644
|0|7|3	12.459137
|0|7|4	9.185000
|0|7|5	12.457424
|0|7|6	12.452864
|0|7|7	12.448055
|0|7|8	12.284543
|0|7|9	12.258670
|0|8|0	-8.762511
|0|8|10	-8.563467
|0|8|11	-8.565461
|0|8|12	-8.565551
|0|8|13	-8.879846
|0|8|14	-8.546304
|0|8|2	-8.547720
|0|8|3	-8.553685
|0|8|4	-8.547351
|0|8|5	-8.554330
|0|8|6	-8.554569
|0|8|7	-8.548085
|0|8|8	-8.559550
|0|8|9	-8.550982
|0|9|0	-8.763203
|0|9|10	-8.566033
|0|9|11	-8.568170
|0|9|12	-8.568265
|0|9|13	-8.880998
|0|9|14	-8.548222
|0|9|2	-8.549417
|0|9|3	-8.555623
|0|9|4	-8.549225
|0|9|5	-8.556129
|0|9|6	-8.556543
|0|9|7	-8.549780
|0|9|8	-8.552422
|0|9|9	-8.560918
|10,10||0	4.536144
|10,10||10	8.235211
|10,10||11	8.162499
|10,10||12	7.928597
|10,10||13	7.831659
|10,10||14	6.174563
|10,10||2	7.591542
|10,10||3	8.098975
|10,10||4	6.513801
|10,10||5	8.098975
|10,10||6	8.096970
|10,10||7	7.586537
|10,10||8	8.218533
|10,10||9	8.209457
|10,11||0	3.910261
|10,11||10	6.611299
|10,11||11	6.593074
|10,11||12	6.472216
|10,11||13	6.085872
|10,11||14	5.880660
|10,11||2	6.503503
|10,11||3	6.626028
|10,11||4	5.906916
|10,11||5	6.625801
|10,11||6	6.622076
|10,11||7	6.492437
|10,11||8	6.883257
|10,11||9	6.855436
|10,12||0	3.534548
|10,12||10	6.167080
|10,12||11	6.345718
|10,12||12	5.969336
|10,12||13	5.574716
|10,12||14	5.491410
|10,12||2	6.082445
|10,12||3	6.188260
|10,12||4	5.512178
|10,12||5	6.188040
|10,12||6	6.184497
|10,12||7	6.072249
|10,12||8	6.455877
|10,12||9	6.428369
|10,13||0	7.001305
|10,13||10	12.012026
|10,13||11	11.706332
|10,13||12	11.422741
|10,13||13	12.031087
|10,13||14	10.550159
|10,13||2	10.917683
|10,13||3	12.026355
|10,13||4	9.378511
|10,13||5	12.024211
|10,13||6	12.019219
|10,13||7	10.904490
|10,13||8	11.799496
|10,13||9	11.775062
|10,14||0	3.022895
|10,14||10	5.451054
|10,14||11	5.549260
|10,14||12	5.197987
|10,14||13	4.743838
|10,14||14	5.086997
|10,14||2	5.347757
|10,14||3	5.313016
|10,14||4	4.850950
|10,14||5	5.312775
|10,14||6	5.309711
|10,14||7	5.338982
|10,14||8	5.653996
|10,14||9	5.628312
|10|0|0	10.662322
|10|0|10	14.558333
|10|0|11	14.937636
|10|0|12	14.496366
|10|0|13	13.739667
|10|0|14	13.017722
|10|0|2	14.888352
|10|0|3	15.146822
|10|0|4	14.887806
|10|0|5	15.146625
|10|0|6	15.143414
|10|0|7	14.878713
|10|0|8	15.089380
|10|0|9	15.042621
|10|10|0	-9.000000
|10|10|10	-9.000000
|10|10|11	-9.000000
|10|10|12	-9.000000
|10|10|13	-9.000000
|10|10|14	-9.000000
|10|10|2	-9.000000
|10|10|3	-9.000000
|10|10|4	-9.000000
|10|10|5	-9.000000
|10|10|6	-9.000000
|10|10|7	-9.000000
|10|10|8	-9.000000
|10|10|9	-9.000000
|10|11|0	-9.000000
|10|11|10	-9.000000
|10|11|11	-9.000000
|10|11|12	-9.000000
|10|11|13	-9.000000
|10|11|14	-9.000000
|10|11|2	-9.000000
|10|11|3	-9.000000
|10|11|4	-9.000000
|10|11|5	-9.000000
|10|11|6	-9.000000
|10|11|7	-9.000000
|10|11|8	-9.000000
|10|11|9	-9.000000
|10|12|0	-9.000000
|10|12|10	-9.000000
|10|12|11	-9.000000
|10|12|12	-9.000000
|10|12|13	-9.000000
|10|12|14	-9.000000
|10|12|2	-9.000000
|10|12|3	-9.000000
|10|12|4	-9.000000
|10|12|5	-9.000000
|10|12|6	-9.000000
|10|12|7	-9.000000
|10|12|8	-9.000000
|10|12|9	-9.000000
|10|13|0	-9.000000
|10|13|10	-9.000000
|10|13|11	-9.000000
|10|13|12	-9.000000
|10|13|13	-9.000000
|10|13|14	-9.000000
|10|13|2	-9.000000
|10|13|3	-9.000000
|10|13|4	-9.000000
|10|13|5	-9.000000
|10|13|6	-9.000000
|10|13|7	-9.000000
|10|13|8	-9.000000
|10|13|9	-9.000000
|10|14|0	-0.939490
|10|14|10	0.978262
|10|14|11	0.916282
|10|14|12	0.582909
|10|14|13	0.515776
|10|14|14	-0.432141
|10|14|2	1.006047
|10|14|3	1.005044
|10|14|4	1.006047
|10|14|5	1.005044
|10|14|6	1.003329
|10|14|7	1.000314
|10|14|8	0.988914
|10|14|9	0.963480
|10|2|0	5.661555
|10|2|10	8.953833
|10|2|11	9.222784
|10|2|12	8.909619
|10|2|13	8.094374
|10|2|14	8.001311
|10|2|2	9.422170
|10|2|3	9.422076
|10|2|4	7.236496
|10|2|5	9.421856
|10|2|6	9.419192
|10|2|7	9.333934
|10|2|8	9.318989
|10|2|9	9.292564
|10|3|0	4.460994
|10|3|10	6.691317
|10|3|11	6.863981
|10|3|12	6.423454
|10|3|13	6.159360
|10|3|14	6.497127
|10|3|2	6.949606
|10|3|3	5.802628
|10|3|4	6.949606
|10|3|5	6.413049
|10|3|6	6.411501
|10|3|7	6.942479
|10|3|8	6.933936
|10|3|9	6.913660
|10|4|0	11.453416
|10|4|10	15.214666
|10|4|11	15.573296
|10|4|12	15.178748
|10|4|13	13.980926
|10|4|14	14.012987
|10|4|2	14.588647
|10|4|3	15.847211
|10|4|4	15.847046
|10|4|5	15.846856
|10|4|6	15.843466
|10|4|7	14.581958
|10|4|8	15.696047
|10|4|9	15.661742
|10|5|0	4.460994
|10|5|10	6.691317
|10|5|11	6.863981
|10|5|12	6.423454
|10|5|13	6.159360
|10|5|14	6.497127
|10|5|2	6.949606
|10|5|3	6.413049
|10|5|4	6.949606
|10|5|5	5.802628
|10|5|6	6.411501
|10|5|7	6.942479
|10|5|8	6.933936
|10|5|9	6.913660
|10|6|0	4.459334
|10|6|10	6.689355
|10|6|11	6.861970
|10|6|12	6.421481
|10|6|13	6.157378
|10|6|14	6.495217
|10|6|2	6.947732
|10|6|3	6.411356
|10|6|4	6.947732
|10|6|5	6.411356
|10|6|6	5.800094
|10|6|7	6.940575
|10|6|8	6.932021
|10|6|9	6.911653
|10|7|0	5.641937
|10|7|10	8.924904
|10|7|11	9.191957
|10|7|12	8.880650
|10|7|13	8.083899
|10|7|14	7.975528
|10|7|2	9.333934
|10|7|3	9.393968
|10|7|4	7.211773
|10|7|5	9.393773
|10|7|6	9.391203
|10|7|7	9.386788
|10|7|8	9.287378
|10|7|9	9.261409
|10|8|0	-9.000000
|10|8|10	-9.000000
|10|8|11	-9.000000
|10|8|12	-9.000000
|10|8|13	-9.000000
|10|8|14	-9.000000
|10|8|2	-9.000000
|10|8|3	-9.000000
|10|8|4	-9.000000
|10|8|5	-9.000000
|10|8|6	-9.000000
|10|8|7	-9.000000
|10|8|8	-9.000000
|10|8|9	-9.000000
|10|9|0	-9.000000
|10|9|10	-9.000000
|10|9|11	-9.000000
|10|9|12	-9.000000
|10|9|13	-9.000000
|10|9|14	-9.000000
|10|9|2	-9.000000
|10|9|3	-9.000000
|10|9|4	-9.000000
|10|9|5	-9.000000
|10|9|6	-9.000000
|10|9|7	-9.000000
|10|9|8	-9.000000
|10|9|9	-9.000000
|11,11||0	4.496749
|11,11||10	8.145059
|11,11||11	8.186812
|11,11||12	7.881271
|11,11||13	7.784243
|11,11||14	6.125435
|11,11||2	7.549964
|11,11||3	8.057641
|11,11||4	6.474144
|11,11||5	8.057641
|11,11||6	8.055486
|11,11||7	7.544750
|11,11||8	8.177034
|11,11||9	8.167288
|11,12||0	3.483345
|11,12||10	6.324405
|11,12||11	6.085528
|11,12||12	5.902321
|11,12||13	5.507604
|11,12||14	5.431388
|11,12||2	6.019893
|11,12||3	6.126975
|11,12||4	5.456656
|11,12||5	6.126755
|11,12||6	6.123202
|11,12||7	6.009726
|11,12||8	6.392772
|11,12||9	6.365550
|11,13||0	6.970701
|11,13||10	11.708137
|11,13||11	11.959483
|11,13||12	11.378793
|11,13||13	11.993689
|11,13||14	10.511638
|11,13||2	10.883010
|11,13||3	11.990652
|11,13||4	9.345810
|11,13||5	11.988504
|11,13||6	11.983530
|11,13||7	10.869856
|11,13||8	11.766863
|11,13||9	11.742628
|11,14||0	2.970745
|11,14||10	5.535278
|11,14||11	5.373149
|11,14||12	5.138286
|11,14||13	4.683879
|11,14||14	5.026298
|11,14||2	5.292983
|11,14||3	5.255489
|11,14||4	4.799601
|11,14||5	5.255248
|11,14||6	5.252183
|11,14||7	5.284165
|11,14||8	5.598953
|11,14||9	5.573380
|11|0|0	10.592343
|11|0|10	14.919274
|11|0|11	14.479625
|11|0|12	14.424274
|11|0|13	13.658872
|11|0|14	12.949411
|11|0|2	14.822580
|11|0|3	15.080131
|11|0|4	14.822042
|11|0|5	15.079938
|11|0|6	15.076751
|11|0|7	14.813103
|11|0|8	15.022577
|11|0|9	14.975432
|11|10|0	-9.000000
|11|10|10	-9.000000
|11|10|11	-9.000000
|11|10|12	-9.000000
|11|10|13	-9.000000
|11|10|14	-9.000000
|11|10|2	-9.000000
|11|10|3	-9.000000
|11|10|4	-9.000000
|11|10|5	-9.000000
|11|10|6	-9.000000
|11|10|7	-9.000000
|11|10|8	-9.000000
|11|10|9	-9.000000
|11|11|0	-9.000000
|11|11|10	-9.000000
|11|11|11	-9.000000
|11|11|12	-9.000000
|11|11|13	-9.000000
|11|11|14	-9.000000
|11|11|2	-9.000000
|11|11|3	-9.000000
|11|11|4	-9.000000
|11|11|5	-9.000000
|11|11|6	-9.000000
|11|11|7	-9.000000
|11|11|8	-9.000000
|11|11|9	-9.000000
|11|12|0	-9.000000
|11|12|10	-9.000000
|11|12|11	-9.000000
|11|12|12	-9.000000
|11|12|13	-9.000000
|11|12|14	-9.000000
|11|12|2	-9.000000
|11|12|3	-9.000000
|11|12|4	-9.000000
|11|12|5	-9.000000
|11|12|6	-9.000000
|11|12|7	-9.000000
|11|12|8	-9.000000
|11|12|9	-9.000000
|11|13|0	-9.000000
|11|13|10	-9.000000
|11|13|11	-9.000000
|11|13|12	-9.000000
|11|13|13	-9.000000
|11|13|14	-9.000000
|11|13|2	-9.000000
|11|13|3	-9.000000
|11|13|4	-9.000000
|11|13|5	-9.000000
|11|13|6	-9.000000
|11|13|7	-9.000000
|11|13|8	-9.000000
|11|13|9	-9.000000
|11|14|0	-0.931845
|11|14|10	0.965659
|11|14|11	0.984916
|11|14|12	0.621538
|11|14|13	0.506521
|11|14|14	-0.403645
|11|14|2	1.039604
|11|14|3	1.038625
|11|14|4	1.039604
|11|14|5	1.038625
|11|14|6	1.036951
|11|14|7	1.034027
|11|14|8	1.023829
|11|14|9	1.000440
|11|2|0	5.617261
|11|2|10	9.212606
|11|2|11	8.903646
|11|2|12	8.864438
|11|2|13	8.041954
|11|2|14	7.959470
|11|2|2	9.380994
|11|2|3	9.380901
|11|2|4	7.194783
|11|2|5	9.380681
|11|2|6	9.377923
|11|2|7	9.292982
|11|2|8	9.278636
|11|2|9	9.252802
|11|3|0	4.459276
|11|3|10	6.905562
|11|3|11	6.688465
|11|3|12	6.450712
|11|3|13	6.146119
|11|3|14	6.527846
|11|3|2	6.972167
|11|3|3	5.826635
|11|3|4	6.972167
|11|3|5	6.431364
|11|3|6	6.429843
|11|3|7	6.965476
|11|3|8	6.957411
|11|3|9	6.939482
|11|4|0	11.396386
|11|4|10	15.561428
|11|4|11	15.150836
|11|4|12	15.120404
|11|4|13	13.920085
|11|4|14	13.958927
|11|4|2	14.538847
|11|4|3	15.795823
|11|4|4	15.795659
|11|4|5	15.795471
|11|4|6	15.791920
|11|4|7	14.531998
|11|4|8	15.645720
|11|4|9	15.612176
|11|5|0	4.459276
|11|5|10	6.905562
|11|5|11	6.688465
|11|5|12	6.450712
|11|5|13	6.146119
|11|5|14	6.527846
|11|5|2	6.972167
|11|5|3	6.431364
|11|5|4	6.972167
|11|5|5	5.826635
|11|5|6	6.429843
|11|5|7	6.965476
|11|5|8	6.957411
|11|5|9	6.939482
|11|6|0	4.457504
|11|6|10	6.903637
|11|6|11	6.686595
|11|6|12	6.448713
|11|6|13	6.144111
|11|6|14	6.525992
|11|6|2	6.970334
|11|6|3	6.429698
|11|6|4	6.970334
|11|6|5	6.429698
|11|6|6	5.824172
|11|6|7	6.963615
|11|6|8	6.955530
|11|6|9	6.937515
|11|7|0	5.597635
|11|7|10	9.181653
|11|7|11	8.874768
|11|7|12	8.835706
|11|7|13	8.031261
|11|7|14	7.933693
|11|7|2	9.292982
|11|7|3	9.352651
|11|7|4	7.169828
|11|7|5	9.352458
|11|7|6	9.349849
|11|7|7	9.345380
|11|7|8	9.247034
|11|7|9	9.221671
|11|8|0	-9.000000
|11|8|10	-9.000000
|11|8|11	-9.000000
|11|8|12	-9.000000
|11|8|13	-9.000000
|11|8|14	-9.000000
|11|8|2	-9.000000
|11|8|3	-9.000000
|11|8|4	-9.000000
|11|8|5	-9.000000
|11|8|6	-9.000000
|11|8|7	-9.000000
|11|8|8	-9.000000
|11|8|9	-9.000000
|11|9|0	-9.000000
|11|9|10	-9.000000
|11|9|11	-9.000000
|11|9|12	-9.000000
|11|9|13	-9.000000
|11|9|14	-9.000000
|11|9|2	-9.000000
|11|9|3	-9.000000
|11|9|4	-9.000000
|11|9|5	-9.000000
|11|9|6	-9.000000
|11|9|7	-9.000000
|11|9|8	-9.000000
|11|9|9	-9.000000
|12,12||0	4.119287
|12,12||10	7.718681
|12,12||11	7.688846
|12,12||12	7.643435
|12,12||13	7.322620
|12,12||14	5.645042
|12,12||2	7.135002
|12,12||3	7.635305
|12,12||4	6.070660
|12,12||5	7.635305
|12,12||6	7.633501
|12,12||7	7.130410
|12,12||8	7.753178
|12,12||9	7.742206
|12,13||0	6.718813
|12,13||10	11.434163
|12,13||11	11.388873
|12,13||12	11.524535
|12,13||13	11.685814
|12,13||14	10.200266
|12,13||2	10.596996
|12,13||3	11.692893
|12,13||4	9.084319
|12,13||5	11.690758
|12,13||6	11.685877
|12,13||7	10.585537
|12,13||8	11.488531
|12,13||9	11.465707
|12,14||0	2.571948
|12,14||10	5.025280
|12,14||11	4.975231
|12,14||12	4.613537
|12,14||13	4.117528
|12,14||14	4.577494
|12,14||2	4.791573
|12,14||3	4.748111
|12,14||4	4.315801
|12,14||5	4.747867
|12,14||6	4.745220
|12,14||7	4.783832
|12,14||8	5.089194
|12,14||9	5.063010
|12|0|0	9.920790
|12|0|10	14.120186
|12|0|11	14.052022
|12|0|12	13.523113
|12|0|13	12.767238
|12|0|14	12.216258
|12|0|2	14.031814
|12|0|3	14.288714
|12|0|4	14.031303
|12|0|5	14.288530
|12|0|6	14.285577
|12|0|7	14.023399
|12|0|8	14.220250
|12|0|9	14.173141
|12|10|0	-9.000000
|12|10|10	-9.000000
|12|10|11	-9.000000
|12|10|12	-9.000000
|12|10|13	-9.000000
|12|10|14	-9.000000
|12|10|2	-9.000000
|12|10|3	-9.000000
|12|10|4	-9.000000
|12|10|5	-9.000000
|12|10|6	-9.000000
|12|10|7	-9.000000
|12|10|8	-9.000000
|12|10|9	-9.000000
|12|11|0	-9.000000
|12|11|10	-9.000000
|12|11|11	-9.000000
|12|11|12	-9.000000
|12|11|13	-9.000000
|12|11|14	-9.000000
|12|11|2	-9.000000
|12|11|3	-9.000000
|12|11|4	-9.000000
|12|11|5	-9.000000
|12|11|6	-9.000000
|12|11|7	-9.000000
|12|11|8	-9.000000
|12|11|9	-9.000000
|12|12|0	-9.000000
|12|12|10	-9.000000
|12|12|11	-9.000000
|12|12|12	-9.000000
|12|12|13	-9.000000
|12|12|14	-9.000000
|12|12|2	-9.000000
|12|12|3	-9.000000
|12|12|4	-9.000000
|12|12|5	-9.000000
|12|12|6	-9.000000
|12|12|7	-9.000000
|12|12|8	-9.000000
|12|12|9	-9.000000
|12|13|0	-9.000000
|12|13|10	-9.000000
|12|13|11	-9.000000
|12|13|12	-9.000000
|12|13|13	-9.000000
|12|13|14	-9.000000
|12|13|2	-9.000000
|12|13|3	-9.000000
|12|13|4	-9.000000
|12|13|5	-9.000000
|12|13|6	-9.000000
|12|13|7	-9.000000
|12|13|8	-9.000000
|12|13|9	-9.000000
|12|14|0	-1.121402
|12|14|10	0.762647
|12|14|11	0.717623
|12|14|12	0.487546
|12|14|13	0.208593
|12|14|14	-0.578169
|12|14|2	0.834820
|12|14|3	0.833837
|12|14|4	0.834820
|12|14|5	0.833837
|12|14|6	0.832101
|12|14|7	0.829090
|12|14|8	0.819859
|12|14|9	0.797951
|12|2|0	5.118605
|12|2|10	8.620079
|12|2|11	8.570757
|12|2|12	8.200846
|12|2|13	7.378680
|12|2|14	7.420119
|12|2|2	8.791678
|12|2|3	8.791595
|12|2|4	6.659696
|12|2|5	8.791396
|12|2|6	8.788746
|12|2|7	8.703692
|12|2|8	8.686466
|12|2|9	8.658771
|12|3|0	4.064312
|12|3|10	6.506858
|12|3|11	6.458197
|12|3|12	5.940715
|12|3|13	5.614675
|12|3|14	6.156869
|12|3|2	6.573408
|12|3|3	5.477894
|12|3|4	6.573408
|12|3|5	6.031948
|12|3|6	6.030360
|12|3|7	6.566791
|12|3|8	6.558626
|12|3|9	6.543818
|12|4|0	10.688705
|12|4|10	14.785726
|12|4|11	14.721553
|12|4|12	14.232167
|12|4|13	13.050067
|12|4|14	13.242495
|12|4|2	13.806202
|12|4|3	15.024904
|12|4|4	15.024757
|12|4|5	15.024587
|12|4|6	15.021079
|12|4|7	13.799799
|12|4|8	14.869012
|12|4|9	14.834161
|12|5|0	4.064312
|12|5|10	6.506858
|12|5|11	6.458197
|12|5|12	5.940715
|12|5|13	5.614675
|12|5|14	6.156869
|12|5|2	6.573408
|12|5|3	6.031948
|12|5|4	6.573408
|12|5|5	5.477894
|12|5|6	6.030360
|12|5|7	6.566791
|12|5|8	6.558626
|12|5|9	6.543818
|12|6|0	4.062699
|12|6|10	6.504863
|12|6|11	6.456075
|12|6|12	5.938767
|12|6|13	5.612715
|12|6|14	6.154975
|12|6|2	6.571427
|12|6|3	6.030210
|12|6|4	6.571427
|12|6|5	6.030210
|12|6|6	5.475288
|12|6|7	6.564794
|12|6|8	6.556690
|12|6|9	6.541794
|12|7|0	5.097657
|12|7|10	8.590937
|12|7|11	8.542071
|12|7|12	8.173046
|12|7|13	7.368471
|12|7|14	7.395672
|12|7|2	8.703692
|12|7|3	8.764758
|12|7|4	6.633923
|12|7|5	8.764577
|12|7|6	8.762140
|12|7|7	8.756888
|12|7|8	8.656492
|12|7|9	8.629095
|12|8|0	-9.000000
|12|8|10	-9.000000
|12|8|11	-9.000000
|12|8|12	-9.000000
|12|8|13	-9.000000
|12|8|14	-9.000000
|12|8|2	-9.000000
|12|8|3	-9.000000
|12|8|4	-9.000000
|12|8|5	-9.000000
|12|8|6	-9.000000
|12|8|7	-9.000000
|12|8|8	-9.000000
|12|8|9	-9.000000
|12|9|0	-9.000000
|12|9|10	-9.000000
|12|9|11	-9.000000
|12|9|12	-9.000000
|12|9|13	-9.000000
|12|9|14	-9.000000
|12|9|2	-9.000000
|12|9|3	-9.000000
|12|9|4	-9.000000
|12|9|5	-9.000000
|12|9|6	-9.000000
|12|9|7	-9.000000
|12|9|8	-9.000000
|12|9|9	-9.000000
|13,13||0	-8.060238
|13,13||10	-7.240366
|13,13||11	-7.251086
|13,13||12	-7.235223
|13,13||14	-7.211420
|13,13||2	-7.240219
|13,13||3	-7.252143
|13,13||4	-7.248246
|13,13||5	-7.254469
|13,13||6	-7.255014
|13,13||7	-7.247022
|13,13||8	-7.312173
|13,13||9	-7.341088
|13,14||0	5.877942
|13,14||10	10.575585
|13,14||11	10.534946
|13,14||12	10.214984
|13,14||13	10.810609
|13,14||14	9.657724
|13,14||2	9.746053
|13,14||3	10.823823
|13,14||4	8.279479
|13,14||5	10.821769
|13,14||6	10.816856
|13,14||7	9.734713
|13,14||8	10.625890
|13,14||9	10.604586
|13|0|0	17.482286
|13|0|10	25.019685
|13|0|11	24.953013
|13|0|12	24.456328
|13|0|13	25.458026
|13|0|14	23.060758
|13|0|2	24.534801
|13|0|3	25.391405
|13|0|4	24.526005
|13|0|5	25.387441
|13|0|6	25.378689
|13|0|7	24.484458
|13|0|8	25.110584
|13|0|9	25.071241
|13|10|0	-8.791889
|13|10|10	-8.575755
|13|10|11	-8.567581
|13|10|12	-8.568544
|13|10|13	-8.940468
|13|10|14	-8.561700
|13|10|2	-8.562802
|13|10|3	-8.569748
|13|10|4	-8.562411
|13|10|5	-8.570277
|13|10|6	-8.570295
|13|10|7	-8.562864
|13|10|8	-8.567102
|13|10|9	-8.572235
|13|11|0	-8.788496
|13|11|10	-8.555047
|13|11|11	-8.562090
|13|11|12	-8.555129
|13|11|13	-8.936998
|13|11|14	-8.551157
|13|11|2	-8.553804
|13|11|3	-8.559333
|13|11|4	-8.551985
|13|11|5	-8.559853
|13|11|6	-8.559928
|13|11|7	-8.552173
|13|11|8	-8.555914
|13|11|9	-8.561814
|13|12|0	-8.785384
|13|12|10	-8.549378
|13|12|11	-8.548643
|13|12|12	-8.557256
|13|12|13	-8.939297
|13|12|14	-8.546274
|13|12|2	-8.547997
|13|12|3	-8.554465
|13|12|4	-8.546897
|13|12|5	-8.554985
|13|12|6	-8.555060
|13|12|7	-8.548027
|13|12|8	-8.550206
|13|12|9	-8.556252
|13|13|0	-9.000000
|13|13|10	-8.952182
|13|13|11	-8.951383
|13|13|12	-8.950835
|13|13|14	-8.941912
|13|13|2	-8.944056
|13|13|3	-8.943027
|13|13|4	-8.942830
|13|13|5	-8.944125
|13|13|6	-8.943936
|13|13|7	-8.943953
|13|13|8	-8.947368
|13|13|9	-8.947301
|13|14|0	-8.786958
|13|14|10	-8.575819
|13|14|11	-8.576481
|13|14|12	-8.576132
|13|14|13	-8.948187
|13|14|14	-8.559908
|13|14|2	-8.566497
|13|14|3	-8.563390
|13|14|4	-8.563136
|13|14|5	-8.564706
|13|14|6	-8.564587
|13|14|7	-8.566545
|13|14|8	-8.568144
|13|14|9	-8.572770
|13|2|0	12.348139
|13|2|10	18.285934
|13|2|11	18.236245
|13|2|12	17.861504
|13|2|13	18.578738
|13|2|14	16.894984
|13|2|2	18.548271
|13|2|3	18.547011
|13|2|4	14.993693
|13|2|5	18.544476
|13|2|6	18.540210
|13|2|7	18.373392
|13|2|8	18.351586
|13|2|9	18.323457
|13|3|0	-8.755081
|13|3|10	-8.472699
|13|3|11	-8.473430
|13|3|12	-8.473916
|13|3|13	-8.900681
|13|3|14	-8.461258
|13|3|2	-8.464993
|13|3|3	-8.467265
|13|3|4	-8.466947
|13|3|5	-8.466990
|13|3|6	-8.467648
|13|3|7	-8.466808
|13|3|8	-8.483305
|13|3|9	-8.477726
|13|4|0	20.994834
|13|4|10	27.962624
|13|4|11	27.898555
|13|4|12	27.456772
|13|4|13	28.408527
|13|4|14	26.385057
|13|4|2	26.480849
|13|4|3	28.362227
|13|4|4	28.360110
|13|4|5	28.357982
|13|4|6	28.351472
|13|4|7	26.462886
|13|4|8	28.048729
|13|4|9	28.011949
|13|5|0	-8.754037
|13|5|10	-8.455973
|13|5|11	-8.456781
|13|5|12	-8.457832
|13|5|13	-8.884523
|13|5|14	-8.445775
|13|5|2	-8.449093
|13|5|3	-8.450781
|13|5|4	-8.450598
|13|5|5	-8.451168
|13|5|6	-8.450953
|13|5|7	-8.450132
|13|5|8	-8.467795
|13|5|9	-8.463882
|13|6|0	-8.754797
|13|6|10	-8.469294
|13|6|11	-8.470155
|13|6|12	-8.470759
|13|6|13	-8.896656
|13|6|14	-8.455654
|13|6|2	-8.460243
|13|6|3	-8.460974
|13|6|4	-8.460732
|13|6|5	-8.461314
|13|6|6	-8.462278
|13|6|7	-8.460484
|13|6|8	-8.476590
|13|6|9	-8.474476
|13|7|0	12.305247
|13|7|10	18.219696
|13|7|11	18.170058
|13|7|12	17.802864
|13|7|13	18.528430
|13|7|14	16.839858
|13|7|2	18.373392
|13|7|3	18.496563
|13|7|4	14.947776
|13|7|5	18.494030
|13|7|6	18.489728
|13|7|7	18.485159
|13|7|8	18.285063
|13|7|9	18.257216
|13|8|0	-8.785662
|13|8|10	-8.546232
|13|8|11	-8.545586
|13|8|12	-8.545851
|13|8|13	-8.924838
|13|8|14	-8.540308
|13|8|2	-8.540211
|13|8|3	-8.547698
|13|8|4	-8.539702
|13|8|5	-8.548343
|13|8|6	-8.548803
|13|8|7	-8.540461
|13|8|8	-8.562521
|13|8|9	-8.548545
|13|9|0	-8.786100
|13|9|10	-8.543741
|13|9|11	-8.543464
|13|9|12	-8.543586
|13|9|13	-8.922922
|13|9|14	-8.536930
|13|9|2	-8.537432
|13|9|3	-8.544571
|13|9|4	-8.537015
|13|9|5	-8.545088
|13|9|6	-8.545784
|13|9|7	-8.537806
|13|9|8	-8.549063
|13|9|9	-8.555253
|14,14||0	1.554338
|14,14||10	4.492135
|14,14||11	4.462184
|14,14||12	4.176891
|14,14||13	4.043342
|14,14||14	3.296087
|14,14||2	4.033586
|14,14||3	4.440674
|14,14||4	3.123085
|14,14||5	4.440674
|14,14||6	4.438948
|14,14||7	4.029135
|14,14||8	4.529818
|14,14||9	4.518159
|14|0|0	8.206629
|14|0|10	11.976140
|14|0|11	11.913941
|14|0|12	11.416158
|14|0|13	10.486727
|14|0|14	10.916605
|14|0|2	11.906548
|14|0|3	12.163502
|14|0|4	11.906024
|14|0|5	12.163292
|14|0|6	12.160948
|14|0|7	11.899061
|14|0|8	12.072316
|14|0|9	12.029247
|14|10|0	-9.000000
|14|10|10	-9.000000
|14|10|11	-9.000000
|14|10|12	-9.000000
|14|10|13	-9.000000
|14|10|14	-9.000000
|14|10|2	-9.000000
|14|10|3	-9.000000
|14|10|4	-9.000000
|14|10|5	-9.000000
|14|10|6	-9.000000
|14|10|7	-9.000000
|14|10|8	-9.000000
|14|10|9	-9.000000
|14|11|0	-9.000000
|14|11|10	-9.000000
|14|11|11	-9.000000
|14|11|12	-9.000000
|14|11|13	-9.000000
|14|11|14	-9.000000
|14|11|2	-9.000000
|14|11|3	-9.000000
|14|11|4	-9.000000
|14|11|5	-9.000000
|14|11|6	-9.000000
|14|11|7	-9.000000
|14|11|8	-9.000000
|14|11|9	-9.000000
|14|12|0	-9.000000
|14|12|10	-9.000000
|14|12|11	-9.000000
|14|12|12	-9.000000
|14|12|13	-9.000000
|14|12|14	-9.000000
|14|12|2	-9.000000
|14|12|3	-9.000000
|14|12|4	-9.000000
|14|12|5	-9.000000
|14|12|6	-9.000000
|14|12|7	-9.000000
|14|12|8	-9.000000
|14|12|9	-9.000000
|14|13|0	-9.000000
|14|13|10	-9.000000
|14|13|11	-9.000000
|14|13|12	-9.000000
|14|13|13	-9.000000
|14|13|14	-9.000000
|14|13|2	-9.000000
|14|13|3	-9.000000
|14|13|4	-9.000000
|14|13|5	-9.000000
|14|13|6	-9.000000
|14|13|7	-9.000000
|14|13|8	-9.000000
|14|13|9	-9.000000
|14|14|0	-2.303267
|14|14|10	-0.236848
|14|14|11	-0.272419
|14|14|12	-0.566174
|14|14|13	-0.694057
|14|14|14	-1.945069
|14|14|2	-0.179509
|14|14|3	-0.180266
|14|14|4	-0.179509
|14|14|5	-0.180266
|14|14|6	-0.181709
|14|14|7	-0.184363
|14|14|8	-0.191133
|14|14|9	-0.207630
|14|2|0	4.035615
|14|2|10	7.280469
|14|2|11	7.232317
|14|2|12	6.885015
|14|2|13	5.975214
|14|2|14	6.571985
|14|2|2	7.442098
|14|2|3	7.442006
|14|2|4	5.466307
|14|2|5	7.441782
|14|2|6	7.437398
|14|2|7	7.358252
|14|2|8	7.342400
|14|2|9	7.316733
|14|3|0	4.238772
|14|3|10	6.496329
|14|3|11	6.449590
|14|3|12	5.985558
|14|3|13	5.531999
|14|3|14	6.375434
|14|3|2	6.552581
|14|3|3	5.679875
|14|3|4	6.552581
|14|3|5	5.920568
|14|3|6	5.919067
|14|3|7	6.545993
|14|3|8	6.540408
|14|3|9	6.526818
|14|4|0	9.115389
|14|4|10	13.014441
|14|4|11	12.951355
|14|4|12	12.514714
|14|4|13	11.108377
|14|4|14	12.056519
|14|4|2	12.115648
|14|4|3	13.245242
|14|4|4	13.244929
|14|4|5	13.244424
|14|4|6	13.237930
|14|4|7	12.109860
|14|4|8	13.098195
|14|4|9	13.065852
|14|5|0	4.238772
|14|5|10	6.496329
|14|5|11	6.449590
|14|5|12	5.985558
|14|5|13	5.531999
|14|5|14	6.375434
|14|5|2	6.552581
|14|5|3	5.920568
|14|5|4	6.552581
|14|5|5	5.679875
|14|5|6	5.919067
|14|5|7	6.545993
|14|5|8	6.540408
|14|5|9	6.526818
|14|6|0	4.237296
|14|6|10	6.494453
|14|6|11	6.447707
|14|6|12	5.983781
|14|6|13	5.530398
|14|6|14	6.373768
|14|6|2	6.550822
|14|6|3	5.919022
|14|6|4	6.550822
|14|6|5	5.919022
|14|6|6	5.677361
|14|6|7	6.544227
|14|6|8	6.538605
|14|6|9	6.525024
|14|7|0	4.014087
|14|7|10	7.254254
|14|7|11	7.206234
|14|7|12	6.861744
|14|7|13	5.955970
|14|7|14	6.547033
|14|7|2	7.358252
|14|7|3	7.418451
|14|7|4	5.443723
|14|7|5	7.418247
|14|7|6	7.414113
|14|7|7	7.407054
|14|7|8	7.314862
|14|7|9	7.290333
|14|8|0	-9.000000
|14|8|10	-9.000000
|14|8|11	-9.000000
|14|8|12	-9.000000
|14|8|13	-9.000000
|14|8|14	-9.000000
|14|8|2	-9.000000
|14|8|3	-9.000000
|14|8|4	-9.000000
|14|8|5	-9.000000
|14|8|6	-9.000000
|14|8|7	-9.000000
|14|8|8	-9.000000
|14|8|9	-9.000000
|14|9|0	-9.000000
|14|9|10	-9.000000
|14|9|11	-9.000000
|14|9|12	-9.000000
|14|9|13	-9.000000
|14|9|14	-9.000000
|14|9|2	-9.000000
|14|9|3	-9.000000
|14|9|4	-9.000000
|14|9|5	-9.000000
|14|9|6	-9.000000
|14|9|7	-9.000000
|14|9|8	-9.000000
|14|9|9	-9.000000
|2,10||0	3.497969
|2,10||10	6.051744
|2,10||11	6.249478
|2,10||12	5.924564
|2,10||13	5.560541
|2,10||14	5.484564
|2,10||2	5.712021
|2,10||3	6.023114
|2,10||4	5.468449
|2,10||5	6.022914
|2,10||6	6.020034
|2,10||7	5.881990
|2,10||8	6.332421
|2,10||9	6.308181
|2,11||0	3.476539
|2,11||10	6.259326
|2,11||11	6.022955
|2,11||12	5.909298
|2,11||13	5.524419
|2,11||14	5.477608
|2,11||2	5.700325
|2,11||3	6.001577
|2,11||4	5.462105
|2,11||5	6.001377
|2,11||6	5.998461
|2,11||7	5.869964
|2,11||8	6.318290
|2,11||9	6.294956
|2,12||0	3.098074
|2,12||10	5.819237
|2,12||11	5.772344
|2,12||12	5.391228
|2,12||13	5.010158
|2,12||14	5.077822
|2,12||2	5.264080
|2,12||3	5.552526
|2,12||4	5.063753
|2,12||5	5.552324
|2,12||6	5.549503
|2,12||7	5.441203
|2,12||8	5.877923
|2,12||9	5.855303
|2,13||0	6.286297
|2,13||10	10.947785
|2,13||11	10.910548
|2,13||12	10.616280
|2,13||13	11.171188
|2,13||14	9.752284
|2,13||2	9.900365
|2,13||3	11.175082
|2,13||4	8.643069
|2,13||5	11.173569
|2,13||6	11.169627
|2,13||7	9.863823
|2,13||8	10.994362
|2,13||9	10.974544
|2,14||0	2.712678
|2,14||10	5.164456
|2,14||11	5.118975
|2,14||12	4.767873
|2,14||13	4.333773
|2,14||14	4.785102
|2,14||2	4.732210
|2,14||3	4.832090
|2,14||4	4.521509
|2,14||5	4.831889
|2,14||6	4.829481
|2,14||7	4.835886
|2,14||8	5.218161
|2,14||9	5.196402
|2,2||0	3.290118
|2,2||10	6.867410
|2,2||11	6.837452
|2,2||12	6.614335
|2,2||13	6.535580
|2,2||14	5.012947
|2,2||2	6.143826
|2,2||3	6.740486
|2,2||4	5.604319
|2,2||5	6.740486
|2,2||6	6.738919
|2,2||7	6.131563
|2,2||8	6.886641
|2,2||9	6.880398
|2,3||0	2.929563
|2,3||10	5.645042
|2,3||11	5.607183
|2,3||12	5.299236
|2,3||13	4.920016
|2,3||14	4.926400
|2,3||2	5.015077
|2,3||3	5.140303
|2,3||4	4.748974
|2,3||5	5.403596
|2,3||6	5.401226
|2,3||7	5.196823
|2,3||8	5.694277
|2,3||9	5.674315
|2,4||0	2.522416
|2,4||10	5.116765
|2,4||11	5.080007
|2,4||12	4.759663
|2,4||13	4.453179
|2,4||14	4.535617
|2,4||2	4.662148
|2,4||3	4.723770
|2,4||4	4.145369
|2,4||5	4.723636
|2,4||6	4.721542
|2,4||7	4.807084
|2,4||8	5.165451
|2,4||9	5.145504
|2,5||0	2.929536
|2,5||10	5.644952
|2,5||11	5.607093
|2,5||12	5.299165
|2,5||13	4.919954
|2,5||14	4.926326
|2,5||2	5.015011
|2,5||3	5.403632
|2,5||4	4.748917
|2,5||5	5.140140
|2,5||6	5.401079
|2,5||7	5.196751
|2,5||8	5.694187
|2,5||9	5.674226
|2,6||0	2.926899
|2,6||10	5.642012
|2,6||11	5.604144
|2,6||12	5.296230
|2,6||13	4.917388
|2,6||14	4.923564
|2,6||2	5.012349
|2,6||3	5.400871
|2,6||4	4.746588
|2,6||5	5.400650
|2,6||6	5.136605
|2,6||7	5.194011
|2,6||8	5.691237
|2,6||9	5.671292
|2,7||0	2.887360
|2,7||10	5.469860
|2,7||11	5.431556
|2,7||12	5.104400
|2,7||13	4.749237
|2,7||14	4.879117
|2,7||2	4.853620
|2,7||3	5.154498
|2,7||4	4.801171
|2,7||5	5.154308
|2,7||6	5.151772
|2,7||7	4.849034
|2,7||8	5.518733
|2,7||9	5.498713
|2,8||0	3.535378
|2,8||10	6.318697
|2,8||11	6.282228
|2,8||12	5.955862
|2,8||13	5.609274
|2,8||14	5.509502
|2,8||2	5.738139
|2,8||3	6.059171
|2,8||4	5.490375
|2,8||5	6.058968
|2,8||6	6.056068
|2,8||7	5.907551
|2,8||8	6.097546
|2,8||9	6.346462
|2,9||0	3.518116
|2,9||10	6.303805
|2,9||11	6.267555
|2,9||12	5.942080
|2,9||13	5.590308
|2,9||14	5.496942
|2,9||2	5.726275
|2,9||3	6.044395
|2,9||4	5.480274
|2,9||5	6.044194
|2,9||6	6.041313
|2,9||7	5.896090
|2,9||8	6.348530
|2,9||9	6.078449
|2|0|0	10.331140
|2|0|10	14.553447
|2|0|11	14.497747
|2|0|12	14.056019
|2|0|13	13.342411
|2|0|14	12.710310
|2|0|2	13.814987
|2|0|3	14.655021
|2|0|4	14.304521
|2|0|5	14.654836
|2|0|6	14.652463
|2|0|7	14.297770
|2|0|8	14.633956
|2|0|9	14.599338
|2|10|0	-9.000000
|2|10|10	-9.000000
|2|10|11	-9.000000
|2|10|12	-9.000000
|2|10|13	-9.000000
|2|10|14	-9.000000
|2|10|2	-9.000000
|2|10|3	-9.000000
|2|10|4	-9.000000
|2|10|5	-9.000000
|2|10|6	-9.000000
|2|10|7	-9.000000
|2|10|8	-9.000000
|2|10|9	-9.000000
|2|11|0	-9.000000
|2|11|10	-9.000000
|2|11|11	-9.000000
|2|11|12	-9.000000
|2|11|13	-9.000000
|2|11|14	-9.000000
|2|11|2	-9.000000
|2|11|3	-9.000000
|2|11|4	-9.000000
|2|11|5	-9.000000
|2|11|6	-9.000000
|2|11|7	-9.000000
|2|11|8	-9.000000
|2|11|9	-9.000000
|2|12|0	-9.000000
|2|12|10	-9.000000
|2|12|11	-9.000000
|2|12|12	-9.000000
|2|12|13	-9.000000
|2|12|14	-9.000000
|2|12|2	-9.000000
|2|12|3	-9.000000
|2|12|4	-9.000000
|2|12|5	-9.000000
|2|12|6	-9.000000
|2|12|7	-9.000000
|2|12|8	-9.000000
|2|12|9	-9.000000
|2|13|0	-6.179827
|2|13|10	-4.857299
|2|13|11	-4.872117
|2|13|12	-4.984646
|2|13|13	-6.089311
|2|13|14	-4.813396
|2|13|2	-4.814964
|2|13|3	-5.113958
|2|13|4	-5.079360
|2|13|5	-5.113952
|2|13|6	-5.115052
|2|13|7	-4.825020
|2|13|8	-4.833736
|2|13|9	-4.844523
|2|14|0	-0.931495
|2|14|10	0.929553
|2|14|11	0.897299
|2|14|12	0.561167
|2|14|13	0.540586
|2|14|14	-0.445637
|2|14|2	1.011281
|2|14|3	0.988852
|2|14|4	0.989234
|2|14|5	0.988869
|2|14|6	0.987047
|2|14|7	0.983074
|2|14|8	0.974346
|2|14|9	0.956570
|2|2|0	5.449646
|2|2|10	8.989020
|2|2|11	8.946862
|2|2|12	8.619587
|2|2|13	7.704238
|2|2|14	7.866682
|2|2|2	8.622762
|2|2|3	9.127291
|2|2|4	6.999867
|2|2|5	9.127090
|2|2|6	9.125135
|2|2|7	9.050867
|2|2|8	9.039330
|2|2|9	9.018557
|2|3|0	4.490109
|2|3|10	6.907869
|2|3|11	6.874246
|2|3|12	6.434573
|2|3|13	6.194986
|2|3|14	6.503702
|2|3|2	6.746134
|2|3|3	5.811031
|2|3|4	6.960973
|2|3|5	6.427530
|2|3|6	6.426028
|2|3|7	6.953912
|2|3|8	6.946184
|2|3|9	6.933409
|2|4|0	9.877521
|2|4|10	13.806671
|2|4|11	13.755090
|2|4|12	13.361075
|2|4|13	12.047201
|2|4|14	12.538737
|2|4|2	12.197663
|2|4|3	14.008864
|2|4|4	14.008718
|2|4|5	14.008544
|2|4|6	14.005716
|2|4|7	12.502779
|2|4|8	13.869451
|2|4|9	13.844107
|2|5|0	4.490113
|2|5|10	6.907879
|2|5|11	6.874257
|2|5|12	6.434584
|2|5|13	6.194991
|2|5|14	6.503711
|2|5|2	6.746142
|2|5|3	6.427520
|2|5|4	6.960986
|2|5|5	5.811046
|2|5|6	6.426033
|2|5|7	6.953925
|2|5|8	6.946195
|2|5|9	6.933420
|2|6|0	4.488544
|2|6|10	6.905947
|2|6|11	6.872320
|2|6|12	6.432714
|2|6|13	6.193289
|2|6|14	6.501897
|2|6|2	6.744397
|2|6|3	6.425968
|2|6|4	6.959226
|2|6|5	6.425978
|2|6|6	5.808495
|2|6|7	6.952121
|2|6|8	6.944348
|2|6|9	6.931540
|2|7|0	5.740160
|2|7|10	9.347101
|2|7|11	9.306827
|2|7|12	8.990756
|2|7|13	8.172560
|2|7|14	8.081109
|2|7|2	9.050867
|2|7|3	9.492668
|2|7|4	7.309914
|2|7|5	9.492462
|2|7|6	9.490441
|2|7|7	9.487275
|2|7|8	9.393728
|2|7|9	9.374637
|2|8|0	-9.000000
|2|8|10	-9.000000
|2|8|11	-9.000000
|2|8|12	-9.000000
|2|8|13	-9.000000
|2|8|14	-9.000000
|2|8|2	-9.000000
|2|8|3	-9.000000
|2|8|4	-9.000000
|2|8|5	-9.000000
|2|8|6	-9.000000
|2|8|7	-9.000000
|2|8|8	-9.000000
|2|8|9	-9.000000
|2|9|0	-9.000000
|2|9|10	-9.000000
|2|9|11	-9.000000
|2|9|12	-9.000000
|2|9|13	-9.000000
|2|9|14	-9.000000
|2|9|2	-9.000000
|2|9|3	-9.000000
|2|9|4	-9.000000
|2|9|5	-9.000000
|2|9|6	-9.000000
|2|9|7	-9.000000
|2|9|8	-9.000000
|2|9|9	-9.000000
|3,10||0	3.459616
|3,10||10	6.091105
|3,10||11	6.315837
|3,10||12	6.005617
|3,10||13	5.589937
|3,10||14	5.451187
|3,10||2	5.981368
|3,10||3	5.886769
|3,10||4	5.311009
|3,10||5	6.162903
|3,10||6	6.159907
|3,10||7	5.971391
|3,10||8	6.400515
|3,10||9	6.375013
|3,11||0	3.431499
|3,11||10	6.316966
|3,11||11	6.054824
|3,11||12	5.979685
|3,11||13	5.549544
|3,11||14	5.435352
|3,11||2	5.959824
|3,11||3	5.860530
|3,11||4	5.297214
|3,11||5	6.136087
|3,11||6	6.133054
|3,11||7	5.949977
|3,11||8	6.376878
|3,11||9	6.352523
|3,12||0	3.048544
|3,12||10	5.857644
|3,12||11	5.813774
|3,12||12	5.425227
|3,12||13	5.013640
|3,12||14	5.019268
|3,12||2	5.514125
|3,12||3	5.376984
|3,12||4	4.882356
|3,12||5	5.675256
|3,12||6	5.672242
|3,12||7	5.504649
|3,12||8	5.916687
|3,12||9	5.892864
|3,13||0	7.208946
|3,13||10	12.053811
|3,13||11	12.016338
|3,13||12	11.709552
|3,13||13	12.284409
|3,13||14	10.823754
|3,13||2	11.167762
|3,13||3	12.348404
|3,13||4	9.611696
|3,13||5	12.282681
|3,13||6	12.277966
|3,13||7	11.157252
|3,13||8	12.100985
|3,13||9	12.081052
|3,14||0	2.574642
|3,14||10	5.066540
|3,14||11	5.020877
|3,14||12	4.674953
|3,14||13	4.219178
|3,14||14	4.656633
|3,14||2	4.788866
|3,14||3	4.610373
|3,14||4	4.253659
|3,14||5	4.819597
|3,14||6	4.817097
|3,14||7	4.781767
|3,14||8	5.122409
|3,14||9	5.099439
|3,3||0	4.416810
|3,3||10	8.049781
|3,3||11	8.020406
|3,3||12	7.789765
|3,3||13	7.692696
|3,3||14	6.063790
|3,3||2	7.405705
|3,3||3	8.054450
|3,3||4	6.356814
|3,3||5	7.925497
|3,3||6	7.923943
|3,3||7	7.401620
|3,3||8	8.069860
|3,3||9	8.063267
|3,4||0	2.255862
|3,4||10	4.890282
|3,4||11	4.851851
|3,4||12	4.539287
|3,4||13	4.196706
|3,4||14	4.301209
|3,4||2	4.638478
|3,4||3	4.321384
|3,4||4	3.699287
|3,4||5	4.560802
|3,4||6	4.558600
|3,4||7	4.630942
|3,4||8	4.939698
|3,4||9	4.919170
|3,5||0	2.958293
|3,5||10	5.792912
|3,5||11	5.754588
|3,5||12	5.450072
|3,5||13	5.002947
|3,5||14	4.998005
|3,5||2	5.386622
|3,5||3	5.319684
|3,5||4	4.646401
|3,5||5	5.319613
|3,5||6	5.630287
|3,5||7	5.378970
|3,5||8	5.842816
|3,5||9	5.822178
|3,6||0	2.955393
|3,6||10	5.789596
|3,6||11	5.751285
|3,6||12	5.446741
|3,6||13	4.999926
|3,6||14	4.994879
|3,6||2	5.383752
|3,6||3	5.316590
|3,6||4	4.643738
|3,6||5	5.629751
|3,6||6	5.315879
|3,6||7	5.375893
|3,6||8	5.839482
|3,6||9	5.818878
|3,7||0	2.920927
|3,7||10	5.635482
|3,7||11	5.597777
|3,7||12	5.289868
|3,7||13	4.912396
|3,7||14	4.917746
|3,7||2	5.195061
|3,7||3	5.130539
|3,7||4	4.741078
|3,7||5	5.394216
|3,7||6	5.391456
|3,7||7	5.002953
|3,7||8	5.684673
|3,7||9	5.664665
|3,8||0	3.503480
|3,8||10	6.396103
|3,8||11	6.360500
|3,8||12	6.047534
|3,8||13	5.642730
|3,8||14	5.485988
|3,8||2	6.017250
|3,8||3	5.928843
|3,8||4	5.341369
|3,8||5	6.204548
|3,8||6	6.201527
|3,8||7	6.006796
|3,8||8	6.146695
|3,8||9	6.423099
|3,9||0	3.484274
|3,9||10	6.376180
|3,9||11	6.341036
|3,9||12	6.029088
|3,9||13	5.622411
|3,9||14	5.469829
|3,9||2	6.002723
|3,9||3	5.910901
|3,9||4	5.327077
|3,9||5	6.186975
|3,9||6	6.183980
|3,9||7	5.992574
|3,9||8	6.422373
|3,9||9	6.123002
|3|0|0	10.305792
|3|0|10	14.523355
|3|0|11	14.464512
|3|0|12	14.009337
|3|0|13	13.074272
|3|0|14	12.787590
|3|0|2	14.364816
|3|0|3	13.929840
|3|0|4	14.364330
|3|0|5	14.637845
|3|0|6	14.635446
|3|0|7	14.356891
|3|0|8	14.607692
|3|0|9	14.570673
|3|10|0	-9.000000
|3|10|10	-9.000000
|3|10|11	-9.000000
|3|10|12	-9.000000
|3|10|13	-9.000000
|3|10|14	-9.000000
|3|10|2	-9.000000
|3|10|3	-9.000000
|3|10|4	-9.000000
|3|10|5	-9.000000
|3|10|6	-9.000000
|3|10|7	-9.000000
|3|10|8	-9.000000
|3|10|9	-9.000000
|3|11|0	-9.000000
|3|11|10	-9.000000
|3|11|11	-9.000000
|3|11|12	-9.000000
|3|11|13	-9.000000
|3|11|14	-9.000000
|3|11|2	-9.000000
|3|11|3	-9.000000
|3|11|4	-9.000000
|3|11|5	-9.000000
|3|11|6	-9.000000
|3|11|7	-9.000000
|3|11|8	-9.000000
|3|11|9	-9.000000
|3|12|0	-9.000000
|3|12|10	-9.000000
|3|12|11	-9.000000
|3|12|12	-9.000000
|3|12|13	-9.000000
|3|12|14	-9.000000
|3|12|2	-9.000000
|3|12|3	-9.000000
|3|12|4	-9.000000
|3|12|5	-9.000000
|3|12|6	-9.000000
|3|12|7	-9.000000
|3|12|8	-9.000000
|3|12|9	-9.000000
|3|13|0	-5.995760
|3|13|10	-4.609105
|3|13|11	-4.624820
|3|13|12	-4.747406
|3|13|13	-5.905682
|3|13|14	-4.563502
|3|13|2	-4.814964
|3|13|3	-4.565259
|3|13|4	-4.814964
|3|13|5	-4.845918
|3|13|6	-4.847114
|3|13|7	-4.575291
|3|13|8	-4.584337
|3|13|9	-4.595630
|3|14|0	-0.912337
|3|14|10	0.950296
|3|14|11	0.915620
|3|14|12	0.582136
|3|14|13	0.561329
|3|14|14	-0.427764
|3|14|2	1.011281
|3|14|3	1.028489
|3|14|4	1.011281
|3|14|5	1.010430
|3|14|6	1.008730
|3|14|7	1.004975
|3|14|8	0.995905
|3|14|9	0.977768
|3|2|0	5.449605
|3|2|10	8.988920
|3|2|11	8.946759
|3|2|12	8.619504
|3|2|13	7.704190
|3|2|14	7.866596
|3|2|2	9.127290
|3|2|3	8.622634
|3|2|4	6.999805
|3|2|5	9.126995
|3|2|6	9.125040
|3|2|7	9.050772
|3|2|8	9.039233
|3|2|9	9.018455
|3|3|0	3.352376
|3|3|10	5.386693
|3|3|11	5.347836
|3|3|12	4.914435
|3|3|13	4.645001
|3|3|14	5.327264
|3|3|2	5.452170
|3|3|3	4.453935
|3|3|4	5.452170
|3|3|5	4.693114
|3|3|6	4.691828
|3|3|7	5.444941
|3|3|8	5.436690
|3|3|9	5.419659
|3|4|0	11.131198
|3|4|10	15.259503
|3|4|11	15.204533
|3|4|12	14.793456
|3|4|13	13.440653
|3|4|14	13.825328
|3|4|2	14.216241
|3|4|3	14.769269
|3|4|4	15.453599
|3|4|5	15.453431
|3|4|6	15.450945
|3|4|7	14.210376
|3|4|8	15.323403
|3|4|9	15.297974
|3|5|0	3.770153
|3|5|10	6.082285
|3|5|11	6.048582
|3|5|12	5.624604
|3|5|13	5.412238
|3|5|14	5.767220
|3|5|2	6.138474
|3|5|3	5.169594
|3|5|4	6.138474
|3|5|5	4.942072
|3|5|6	5.435019
|3|5|7	6.131327
|3|5|8	6.123029
|3|5|9	6.108990
|3|6|0	3.768783
|3|6|10	6.080594
|3|6|11	6.046867
|3|6|12	5.622994
|3|6|13	5.410773
|3|6|14	5.765609
|3|6|2	6.136945
|3|6|3	5.168227
|3|6|4	6.136945
|3|6|5	5.434950
|3|6|6	4.940006
|3|6|7	6.129751
|3|6|8	6.121405
|3|6|9	6.107315
|3|7|0	5.433065
|3|7|10	8.961058
|3|7|11	8.919195
|3|7|12	8.593736
|3|7|13	7.695722
|3|7|14	7.844293
|3|7|2	9.050772
|3|7|3	8.597046
|3|7|4	6.978386
|3|7|5	9.102093
|3|7|6	9.100152
|3|7|7	9.096884
|3|7|8	9.011399
|3|7|9	8.990656
|3|8|0	-9.000000
|3|8|10	-9.000000
|3|8|11	-9.000000
|3|8|12	-9.000000
|3|8|13	-9.000000
|3|8|14	-9.000000
|3|8|2	-9.000000
|3|8|3	-9.000000
|3|8|4	-9.000000
|3|8|5	-9.000000
|3|8|6	-9.000000
|3|8|7	-9.000000
|3|8|8	-9.000000
|3|8|9	-9.000000
|3|9|0	-9.000000
|3|9|10	-9.000000
|3|9|11	-9.000000
|3|9|12	-9.000000
|3|9|13	-9.000000
|3|9|14	-9.000000
|3|9|2	-9.000000
|3|9|3	-9.000000
|3|9|4	-9.000000
|3|9|5	-9.000000
|3|9|6	-9.000000
|3|9|7	-9.000000
|3|9|8	-9.000000
|3|9|9	-9.000000
|4,10||0	2.866774
|4,10||10	5.383671
|4,10||11	5.581747
|4,10||12	5.259634
|4,10||13	4.912042
|4,10||14	4.920626
|4,10||2	5.382532
|4,10||3	5.268867
|4,10||4	4.493998
|4,10||5	5.268730
|4,10||6	5.266221
|4,10||7	5.373676
|4,10||8	5.662849
|4,10||9	5.637982
|4,11||0	2.847603
|4,11||10	5.596241
|4,11||11	5.358781
|4,11||12	5.249917
|4,11||13	4.881245
|4,11||14	4.916236
|4,11||2	5.375575
|4,11||3	5.255149
|4,11||4	4.493147
|4,11||5	5.255013
|4,11||6	5.252472
|4,11||7	5.366999
|4,11||8	5.654989
|4,11||9	5.630978
|4,12||0	2.489367
|4,12||10	5.180588
|4,12||11	5.134951
|4,12||12	4.744378
|4,12||13	4.387534
|4,12||14	4.529204
|4,12||2	4.967963
|4,12||3	4.839265
|4,12||4	4.110819
|4,12||5	4.839121
|4,12||6	4.836600
|4,12||7	4.959898
|4,12||8	5.238470
|4,12||9	5.215126
|4,13||0	4.786761
|4,13||10	9.413056
|4,13||11	9.378017
|4,13||12	9.108867
|4,13||13	9.621985
|4,13||14	8.291541
|4,13||2	8.649149
|4,13||3	9.625575
|4,13||4	6.635435
|4,13||5	9.624233
|4,13||6	9.620496
|4,13||7	8.639704
|4,13||8	9.460104
|4,13||9	9.439045
|4,14||0	2.242361
|4,14||10	4.641015
|4,14||11	4.596625
|4,14||12	4.240297
|4,14||13	3.850148
|4,14||14	4.346409
|4,14||2	4.474501
|4,14||3	4.251301
|4,14||4	3.803091
|4,14||5	4.251144
|4,14||6	4.248933
|4,14||7	4.467367
|4,14||8	4.695582
|4,14||9	4.673016
|4,4||0	1.130659
|4,4||10	4.833732
|4,4||11	4.808263
|4,4||12	4.604341
|4,4||13	4.547474
|4,4||14	3.140810
|4,4||2	4.556286
|4,4||3	4.647630
|4,4||4	3.121728
|4,4||5	4.647630
|4,4||6	4.646182
|4,4||7	4.551775
|4,4||8	4.853273
|4,4||9	4.848156
|4,5||0	2.255021
|4,5||10	4.889314
|4,5||11	4.850950
|4,5||12	4.538346
|4,5||13	4.196500
|4,5||14	4.300293
|4,5||2	4.637547
|4,5||3	4.559859
|4,5||4	3.698263
|4,5||5	4.320336
|4,5||6	4.557856
|4,5||7	4.630063
|4,5||8	4.938733
|4,5||9	4.918218
|4,6||0	2.252959
|4,6||10	4.886660
|4,6||11	4.848284
|4,6||12	4.535684
|4,6||13	4.194272
|4,6||14	4.297907
|4,6||2	4.635228
|4,6||3	4.557320
|4,6||4	3.696218
|4,6||5	4.557485
|4,6||6	4.317069
|4,6||7	4.627683
|4,6||8	4.936098
|4,6||9	4.915605
|4,7||0	2.515984
|4,7||10	5.109514
|4,7||11	5.072904
|4,7||12	4.752316
|4,7||13	4.447152
|4,7||14	4.529289
|4,7||2	4.808139
|4,7||3	4.716400
|4,7||4	4.139121
|4,7||5	4.716262
|4,7||6	4.713934
|4,7||7	4.650480
|4,7||8	5.158228
|4,7||9	5.138139
|4,8||0	2.899042
|4,8||10	5.644062
|4,8||11	5.608301
|4,8||12	5.283904
|4,8||13	4.956804
|4,8||14	4.939983
|4,8||2	5.405960
|4,8||3	5.299549
|4,8||4	4.511859
|4,8||5	5.299410
|4,8||6	5.296836
|4,8||7	5.396360
|4,8||8	5.426518
|4,8||9	5.670774
|4,9||0	2.884878
|4,9||10	5.630440
|4,9||11	5.594918
|4,9||12	5.271576
|4,9||13	4.938867
|4,9||14	4.930114
|4,9||2	5.394908
|4,9||3	5.284645
|4,9||4	4.503125
|4,9||5	5.284506
|4,9||6	5.281964
|4,9||7	5.385676
|4,9||8	5.674583
|4,9||9	5.407406
|4|0|0	10.330727
|4|0|10	14.552729
|4|0|11	14.497061
|4|0|12	14.055357
|4|0|13	13.342142
|4|0|14	12.709616
|4|0|2	14.304360
|4|0|3	14.654268
|4|0|4	13.814283
|4|0|5	14.654275
|4|0|6	14.651903
|4|0|7	14.297149
|4|0|8	14.633261
|4|0|9	14.598638
|4|10|0	-9.000000
|4|10|10	-9.000000
|4|10|11	-9.000000
|4|10|12	-9.000000
|4|10|13	-9.000000
|4|10|14	-9.000000
|4|10|2	-9.000000
|4|10|3	-9.000000
|4|10|4	-9.000000
|4|10|5	-9.000000
|4|10|6	-9.000000
|4|10|7	-9.000000
|4|10|8	-9.000000
|4|10|9	-9.000000
|4|11|0	-9.000000
|4|11|10	-9.000000
|4|11|11	-9.000000
|4|11|12	-9.000000
|4|11|13	-9.000000
|4|11|14	-9.000000
|4|11|2	-9.000000
|4|11|3	-9.000000
|4|11|4	-9.000000
|4|11|5	-9.000000
|4|11|6	-9.000000
|4|11|7	-9.000000
|4|11|8	-9.000000
|4|11|9	-9.000000
|4|12|0	-9.000000
|4|12|10	-9.000000
|4|12|11	-9.000000
|4|12|12	-9.000000
|4|12|13	-9.000000
|4|12|14	-9.000000
|4|12|2	-9.000000
|4|12|3	-9.000000
|4|12|4	-9.000000
|4|12|5	-9.000000
|4|12|6	-9.000000
|4|12|7	-9.000000
|4|12|8	-9.000000
|4|12|9	-9.000000
|4|13|0	-6.402259
|4|13|10	-5.146305
|4|13|11	-5.159973
|4|13|12	-5.263767
|4|13|13	-6.307814
|4|13|14	-5.105500
|4|13|2	-5.425379
|4|13|3	-5.463567
|4|13|4	-5.106903
|4|13|5	-5.328547
|4|13|6	-5.329697
|4|13|7	-5.116390
|4|13|8	-5.124495
|4|13|9	-5.134503
|4|14|0	-0.931495
|4|14|10	0.929553
|4|14|11	0.897299
|4|14|12	0.561167
|4|14|13	0.540586
|4|14|14	-0.445637
|4|14|2	0.989234
|4|14|3	0.988852
|4|14|4	1.011281
|4|14|5	0.988869
|4|14|6	0.987047
|4|14|7	0.983074
|4|14|8	0.974346
|4|14|9	0.956570
|4|2|0	3.128645
|4|2|10	6.574550
|4|2|11	6.534353
|4|2|12	6.234262
|4|2|13	5.452581
|4|2|14	5.697392
|4|2|2	6.715468
|4|2|3	6.715404
|4|2|4	4.111954
|4|2|5	6.715253
|4|2|6	6.713101
|4|2|7	6.642802
|4|2|8	6.630268
|4|2|9	6.606530
|4|3|0	4.490109
|4|3|10	6.907869
|4|3|11	6.874246
|4|3|12	6.434573
|4|3|13	6.194986
|4|3|14	6.503702
|4|3|2	6.960973
|4|3|3	5.811031
|4|3|4	6.746134
|4|3|5	6.427530
|4|3|6	6.426028
|4|3|7	6.953912
|4|3|8	6.946184
|4|3|9	6.933409
|4|4|0	11.131115
|4|4|10	15.259323
|4|4|11	15.204359
|4|4|12	14.793307
|4|4|13	13.440544
|4|4|14	13.824944
|4|4|2	14.216102
|4|4|3	15.453598
|4|4|4	14.769039
|4|4|5	15.453272
|4|4|6	15.450786
|4|4|7	14.210237
|4|4|8	15.323242
|4|4|9	15.297802
|4|5|0	4.490112
|4|5|10	6.907879
|4|5|11	6.874257
|4|5|12	6.434584
|4|5|13	6.194991
|4|5|14	6.503711
|4|5|2	6.960986
|4|5|3	6.427520
|4|5|4	6.746142
|4|5|5	5.811046
|4|5|6	6.426033
|4|5|7	6.953925
|4|5|8	6.946195
|4|5|9	6.933420
|4|6|0	4.488544
|4|6|10	6.905947
|4|6|11	6.872320
|4|6|12	6.432714
|4|6|13	6.193289
|4|6|14	6.501897
|4|6|2	6.959226
|4|6|3	6.425968
|4|6|4	6.744397
|4|6|5	6.425978
|4|6|6	5.808495
|4|6|7	6.952121
|4|6|8	6.944348
|4|6|9	6.931540
|4|7|0	3.113797
|4|7|10	6.549092
|4|7|11	6.509339
|4|7|12	6.208655
|4|7|13	5.443935
|4|7|14	5.674713
|4|7|2	6.642802
|4|7|3	6.693131
|4|7|4	4.093624
|4|7|5	6.692995
|4|7|6	6.690864
|4|7|7	6.687230
|4|7|8	6.605154
|4|7|9	6.581106
|4|8|0	-9.000000
|4|8|10	-9.000000
|4|8|11	-9.000000
|4|8|12	-9.000000
|4|8|13	-9.000000
|4|8|14	-9.000000
|4|8|2	-9.000000
|4|8|3	-9.000000
|4|8|4	-9.000000
|4|8|5	-9.000000
|4|8|6	-9.000000
|4|8|7	-9.000000
|4|8|8	-9.000000
|4|8|9	-9.000000
|4|9|0	-9.000000
|4|9|10	-9.000000
|4|9|11	-9.000000
|4|9|12	-9.000000
|4|9|13	-9.000000
|4|9|14	-9.000000
|4|9|2	-9.000000
|4|9|3	-9.000000
|4|9|4	-9.000000
|4|9|5	-9.000000
|4|9|6	-9.000000
|4|9|7	-9.000000
|4|9|8	-9.000000
|4|9|9	-9.000000
|5,10||0	3.459535
|5,10||10	6.090857
|5,10||11	6.315621
|5,10||12	6.005392
|5,10||13	5.589812
|5,10||14	5.450957
|5,10||2	5.981167
|5,10||3	6.162890
|5,10||4	5.310859
|5,10||5	5.886458
|5,10||6	6.159660
|5,10||7	5.971186
|5,10||8	6.400301
|5,10||9	6.374799
|5,11||0	3.431420
|5,11||10	6.316754
|5,11||11	6.054577
|5,11||12	5.979467
|5,11||13	5.549420
|5,11||14	5.435127
|5,11||2	5.959622
|5,11||3	6.136074
|5,11||4	5.297064
|5,11||5	5.860223
|5,11||6	6.132808
|5,11||7	5.949770
|5,11||8	6.376665
|5,11||9	6.352309
|5,12||0	3.048464
|5,12||10	5.857415
|5,12||11	5.813545
|5,12||12	5.424986
|5,12||13	5.013507
|5,12||14	5.019029
|5,12||2	5.513917
|5,12||3	5.675241
|5,12||4	4.882197
|5,12||5	5.376672
|5,12||6	5.671977
|5,12||7	5.504437
|5,12||8	5.916456
|5,12||9	5.892633
|5,13||0	7.208078
|5,13||10	12.051673
|5,13||11	12.014207
|5,13||12	11.707436
|5,13||13	12.282509
|5,13||14	10.821689
|5,13||2	11.166287
|5,13||3	12.282708
|5,13||4	9.610380
|5,13||5	12.345958
|5,13||6	12.275797
|5,13||7	11.155773
|5,13||8	12.098836
|5,13||9	12.078915
|5,14||0	2.574555
|5,14||10	5.066304
|5,14||11	5.020641
|5,14||12	4.674713
|5,14||13	4.219047
|5,14||14	4.656400
|5,14||2	4.788660
|5,14||3	4.819581
|5,14||4	4.253486
|5,14||5	4.610055
|5,14||6	4.816813
|5,14||7	4.781555
|5,14||8	5.122172
|5,14||9	5.099202
|5,5||0	4.416810
|5,5||10	8.049781
|5,5||11	8.020406
|5,5||12	7.789765
|5,5||13	7.692696
|5,5||14	6.063790
|5,5||2	7.405705
|5,5||3	7.925497
|5,5||4	6.356814
|5,5||5	8.054450
|5,5||6	7.923943
|5,5||7	7.401620
|5,5||8	8.069860
|5,5||9	8.063267
|5,6||0	2.954494
|5,6||10	5.788647
|5,6||11	5.750386
|5,6||12	5.445834
|5,6||13	4.999788
|5,6||14	4.993901
|5,6||2	5.382758
|5,6||3	5.628956
|5,6||4	4.642957
|5,6||5	5.315498
|5,6||6	5.314854
|5,6||7	5.374919
|5,6||8	5.838536
|5,6||9	5.817950
|5,7||0	2.920848
|5,7||10	5.635256
|5,7||11	5.597552
|5,7||12	5.289648
|5,7||13	4.912287
|5,7||14	4.917522
|5,7||2	5.194856
|5,7||3	5.394202
|5,7||4	4.740929
|5,7||5	5.130264
|5,7||6	5.391206
|5,7||7	5.002756
|5,7||8	5.684449
|5,7||9	5.664441
|5,8||0	3.503397
|5,8||10	6.395871
|5,8||11	6.360269
|5,8||12	6.047298
|5,8||13	5.642602
|5,8||14	5.485749
|5,8||2	6.017044
|5,8||3	6.204533
|5,8||4	5.341215
|5,8||5	5.928532
|5,8||6	6.201276
|5,8||7	6.006587
|5,8||8	6.146437
|5,8||9	6.422866
|5,9||0	3.484191
|5,9||10	6.375952
|5,9||11	6.340812
|5,9||12	6.028857
|5,9||13	5.622285
|5,9||14	5.469595
|5,9||2	6.002521
|5,9||3	6.186961
|5,9||4	5.326924
|5,9||5	5.910588
|5,9||6	6.183729
|5,9||7	5.992368
|5,9||8	6.422156
|5,9||9	6.122749
|5|0|0	10.305725
|5|0|10	14.523160
|5|0|11	14.464320
|5|0|12	14.009157
|5|0|13	13.074174
|5|0|14	12.787393
|5|0|2	14.364633
|5|0|3	14.637850
|5|0|4	14.364149
|5|0|5	13.929593
|5|0|6	14.635256
|5|0|7	14.356712
|5|0|8	14.607503
|5|0|9	14.570474
|5|10|0	-9.000000
|5|10|10	-9.000000
|5|10|11	-9.000000
|5|10|12	-9.000000
|5|10|13	-9.000000
|5|10|14	-9.000000
|5|10|2	-9.000000
|5|10|3	-9.000000
|5|10|4	-9.000000
|5|10|5	-9.000000
|5|10|6	-9.000000
|5|10|7	-9.000000
|5|10|8	-9.000000
|5|10|9	-9.000000
|5|11|0	-9.000000
|5|11|10	-9.000000
|5|11|11	-9.000000
|5|11|12	-9.000000
|5|11|13	-9.000000
|5|11|14	-9.000000
|5|11|2	-9.000000
|5|11|3	-9.000000
|5|11|4	-9.000000
|5|11|5	-9.000000
|5|11|6	-9.000000
|5|11|7	-9.000000
|5|11|8	-9.000000
|5|11|9	-9.000000
|5|12|0	-9.000000
|5|12|10	-9.000000
|5|12|11	-9.000000
|5|12|12	-9.000000
|5|12|13	-9.000000
|5|12|14	-9.000000
|5|12|2	-9.000000
|5|12|3	-9.000000
|5|12|4	-9.000000
|5|12|5	-9.000000
|5|12|6	-9.000000
|5|12|7	-9.000000
|5|12|8	-9.000000
|5|12|9	-9.000000
|5|13|0	-6.266974
|5|13|10	-4.961580
|5|13|11	-4.975955
|5|13|12	-5.087627
|5|13|13	-6.172183
|5|13|14	-4.919356
|5|13|2	-5.240652
|5|13|3	-5.273351
|5|13|4	-5.106711
|5|13|5	-4.920881
|5|13|6	-5.107944
|5|13|7	-4.930400
|5|13|8	-4.938787
|5|13|9	-4.949211
|5|14|0	-0.912202
|5|14|10	0.950538
|5|14|11	0.915860
|5|14|12	0.582354
|5|14|13	0.561410
|5|14|14	-0.427562
|5|14|2	1.011454
|5|14|3	1.010606
|5|14|4	1.011454
|5|14|5	1.028683
|5|14|6	1.008991
|5|14|7	1.005243
|5|14|8	0.996172
|5|14|9	0.978035
|5|2|0	5.449515
|5|2|10	8.988680
|5|2|11	8.946504
|5|2|12	8.619299
|5|2|13	7.704070
|5|2|14	7.866387
|5|2|2	9.127081
|5|2|3	9.126987
|5|2|4	6.999661
|5|2|5	8.622321
|5|2|6	9.124805
|5|2|7	9.050545
|5|2|8	9.039002
|5|2|9	9.018211
|5|3|0	3.770161
|5|3|10	6.082310
|5|3|11	6.048607
|5|3|12	5.624629
|5|3|13	5.412247
|5|3|14	5.767242
|5|3|2	6.138487
|5|3|3	4.942079
|5|3|4	6.138487
|5|3|5	5.169616
|5|3|6	5.435039
|5|3|7	6.131353
|5|3|8	6.123053
|5|3|9	6.109015
|5|4|0	11.131027
|5|4|10	15.259110
|5|4|11	15.204148
|5|4|12	14.793123
|5|4|13	13.440415
|5|4|14	13.824435
|5|4|2	14.215934
|5|4|3	15.453422
|5|4|4	15.453264
|5|4|5	14.768771
|5|4|6	15.450591
|5|4|7	14.210072
|5|4|8	15.323055
|5|4|9	15.297600
|5|5|0	3.352483
|5|5|10	5.386750
|5|5|11	5.347886
|5|5|12	4.914488
|5|5|13	4.645094
|5|5|14	5.327309
|5|5|2	5.452195
|5|5|3	4.693142
|5|5|4	5.452195
|5|5|5	4.453965
|5|5|6	4.691870
|5|5|7	5.445002
|5|5|8	5.436751
|5|5|9	5.419718
|5|6|0	3.768803
|5|6|10	6.080648
|5|6|11	6.046921
|5|6|12	5.623047
|5|6|13	5.410793
|5|6|14	5.765654
|5|6|2	6.136968
|5|6|3	5.434979
|5|6|4	6.136968
|5|6|5	5.168273
|5|6|6	4.940040
|5|6|7	6.129808
|5|6|8	6.121459
|5|6|9	6.107371
|5|7|0	5.432980
|5|7|10	8.960842
|5|7|11	8.918972
|5|7|12	8.593547
|5|7|13	7.695615
|5|7|14	7.844096
|5|7|2	9.050545
|5|7|3	9.102088
|5|7|4	6.978254
|5|7|5	8.596757
|5|7|6	9.099945
|5|7|7	9.096677
|5|7|8	9.011186
|5|7|9	8.990438
|5|8|0	-9.000000
|5|8|10	-9.000000
|5|8|11	-9.000000
|5|8|12	-9.000000
|5|8|13	-9.000000
|5|8|14	-9.000000
|5|8|2	-9.000000
|5|8|3	-9.000000
|5|8|4	-9.000000
|5|8|5	-9.000000
|5|8|6	-9.000000
|5|8|7	-9.000000
|5|8|8	-9.000000
|5|8|9	-9.000000
|5|9|0	-9.000000
|5|9|10	-9.000000
|5|9|11	-9.000000
|5|9|12	-9.000000
|5|9|13	-9.000000
|5|9|14	-9.000000
|5|9|2	-9.000000
|5|9|3	-9.000000
|5|9|4	-9.000000
|5|9|5	-9.000000
|5|9|6	-9.000000
|5|9|7	-9.000000
|5|9|8	-9.000000
|5|9|9	-9.000000
|6,10||0	3.455880
|6,10||10	6.086794
|6,10||11	6.311419
|6,10||12	6.001074
|6,10||13	5.586139
|6,10||14	5.447024
|6,10||2	5.977522
|6,10||3	6.159064
|6,10||4	5.307577
|6,10||5	6.158832
|6,10||6	5.881621
|6,10||7	5.967309
|6,10||8	6.396157
|6,10||9	6.370619
|6,11||0	3.427742
|6,11||10	6.312606
|6,11||11	6.050496
|6,11||12	5.975184
|6,11||13	5.545718
|6,11||14	5.431199
|6,11||2	5.955962
|6,11||3	6.132222
|6,11||4	5.293758
|6,11||5	6.131990
|6,11||6	5.855349
|6,11||7	5.945910
|6,11||8	6.372556
|6,11||9	6.348180
|6,12||0	3.045212
|6,12||10	5.853376
|6,12||11	5.809537
|6,12||12	5.420983
|6,12||13	5.009793
|6,12||14	5.015642
|6,12||2	5.510323
|6,12||3	5.671471
|6,12||4	4.878951
|6,12||5	5.671221
|6,12||6	5.371893
|6,12||7	5.500670
|6,12||8	5.912449
|6,12||9	5.888608
|6,13||0	7.204771
|6,13||10	12.046836
|6,13||11	12.009353
|6,13||12	11.702692
|6,13||13	12.277748
|6,13||14	10.816985
|6,13||2	11.162457
|6,13||3	12.278083
|6,13||4	9.606789
|6,13||5	12.275888
|6,13||6	12.339624
|6,13||7	11.151925
|6,13||8	12.093938
|6,13||9	12.074072
|6,14||0	2.571718
|6,14||10	5.063019
|6,14||11	5.017348
|6,14||12	4.671414
|6,14||13	4.215999
|6,14||14	4.653533
|6,14||2	4.785749
|6,14||3	4.816504
|6,14||4	4.250780
|6,14||5	4.816236
|6,14||6	4.606281
|6,14||7	4.778533
|6,14||8	5.118930
|6,14||9	5.095953
|6,6||0	4.414384
|6,6||10	8.046865
|6,6||11	8.017464
|6,6||12	7.787130
|6,6||13	7.690066
|6,6||14	6.061168
|6,6||2	7.403258
|6,6||3	7.923056
|6,6||4	6.354308
|6,6||5	7.923056
|6,6||6	8.051942
|6,6||7	7.399091
|6,6||8	8.067206
|6,6||9	8.060597
|6,7||0	2.917575
|6,7||10	5.631343
|6,7||11	5.593621
|6,7||12	5.285715
|6,7||13	4.909091
|6,7||14	4.913880
|6,7||2	5.191430
|6,7||3	5.390655
|6,7||4	4.737939
|6,7||5	5.390421
|6,7||6	5.125886
|6,7||7	4.999247
|6,7||8	5.680528
|6,7||9	5.660551
|6,8||0	3.499738
|6,8||10	6.391589
|6,8||11	6.355975
|6,8||12	6.042933
|6,8||13	5.638952
|6,8||14	5.481717
|6,8||2	6.013324
|6,8||3	6.200669
|6,8||4	5.337853
|6,8||5	6.200432
|6,8||6	5.923633
|6,8||7	6.002610
|6,8||8	6.142308
|6,8||9	6.418598
|6,9||0	3.480529
|6,9||10	6.371696
|6,9||11	6.336541
|6,9||12	6.024516
|6,9||13	5.618625
|6,9||14	5.465616
|6,9||2	5.998826
|6,9||3	6.183127
|6,9||4	5.323582
|6,9||5	6.182891
|6,9||6	5.905724
|6,9||7	5.988420
|6,9||8	6.417942
|6,9||9	6.118649
|6|0|0	10.302860
|6|0|10	14.519635
|6|0|11	14.460897
|6|0|12	14.006069
|6|0|13	13.070871
|6|0|14	12.784524
|6|0|2	14.361602
|6|0|3	14.634887
|6|0|4	14.361117
|6|0|5	14.634688
|6|0|6	13.925709
|6|0|7	14.353628
|6|0|8	14.604351
|6|0|9	14.566826
|6|10|0	-9.000000
|6|10|10	-9.000000
|6|10|11	-9.000000
|6|10|12	-9.000000
|6|10|13	-9.000000
|6|10|14	-9.000000
|6|10|2	-9.000000
|6|10|3	-9.000000
|6|10|4	-9.000000
|6|10|5	-9.000000
|6|10|6	-9.000000
|6|10|7	-9.000000
|6|10|8	-9.000000
|6|10|9	-9.000000
|6|11|0	-9.000000
|6|11|10	-9.000000
|6|11|11	-9.000000
|6|11|12	-9.000000
|6|11|13	-9.000000
|6|11|14	-9.000000
|6|11|2	-9.000000
|6|11|3	-9.000000
|6|11|4	-9.000000
|6|11|5	-9.000000
|6|11|6	-9.000000
|6|11|7	-9.000000
|6|11|8	-9.000000
|6|11|9	-9.000000
|6|12|0	-9.000000
|6|12|10	-9.000000
|6|12|11	-9.000000
|6|12|12	-9.000000
|6|12|13	-9.000000
|6|12|14	-9.000000
|6|12|2	-9.000000
|6|12|3	-9.000000
|6|12|4	-9.000000
|6|12|5	-9.000000
|6|12|6	-9.000000
|6|12|7	-9.000000
|6|12|8	-9.000000
|6|12|9	-9.000000
|6|13|0	-6.267543
|6|13|10	-4.961513
|6|13|11	-4.975897
|6|13|12	-5.087591
|6|13|13	-6.172753
|6|13|14	-4.919370
|6|13|2	-5.240665
|6|13|3	-5.273350
|6|13|4	-5.106577
|6|13|5	-5.106578
|6|13|6	-4.922431
|6|13|7	-4.930364
|6|13|8	-4.938745
|6|13|9	-4.949164
|6|14|0	-0.912809
|6|14|10	0.949845
|6|14|11	0.915147
|6|14|12	0.581886
|6|14|13	0.560539
|6|14|14	-0.428312
|6|14|2	1.010766
|6|14|3	1.009886
|6|14|4	1.010766
|6|14|5	1.009886
|6|14|6	1.026836
|6|14|7	1.004538
|6|14|8	0.995421
|6|14|9	0.977320
|6|2|0	5.447018
|6|2|10	8.985597
|6|2|11	8.943430
|6|2|12	8.616572
|6|2|13	7.701193
|6|2|14	7.861468
|6|2|2	9.124508
|6|2|3	9.124414
|6|2|4	6.997194
|6|2|5	9.124183
|6|2|6	8.618969
|6|2|7	9.047774
|6|2|8	9.036211
|6|2|9	9.015172
|6|3|0	3.768822
|6|3|10	6.080575
|6|3|11	6.046852
|6|3|12	5.623065
|6|3|13	5.410754
|6|3|14	5.765654
|6|3|2	6.136913
|6|3|3	4.940875
|6|3|4	6.136913
|6|3|5	5.434872
|6|3|6	5.167500
|6|3|7	6.129784
|6|3|8	6.121420
|6|3|9	6.107304
|6|4|0	11.127544
|6|4|10	15.255064
|6|4|11	15.200183
|6|4|12	14.789525
|6|4|13	13.436424
|6|4|14	13.817527
|6|4|2	14.212518
|6|4|3	15.450015
|6|4|4	15.449857
|6|4|5	15.449664
|6|4|6	14.764391
|6|4|7	14.206593
|6|4|8	15.319439
|6|4|9	15.293580
|6|5|0	3.768822
|6|5|10	6.080575
|6|5|11	6.046852
|6|5|12	5.623065
|6|5|13	5.410754
|6|5|14	5.765654
|6|5|2	6.136913
|6|5|3	5.434872
|6|5|4	6.136913
|6|5|5	4.940875
|6|5|6	5.167500
|6|5|7	6.129784
|6|5|8	6.121420
|6|5|9	6.107304
|6|6|0	3.350540
|6|6|10	5.384065
|6|6|11	5.345131
|6|6|12	4.911982
|6|6|13	4.642882
|6|6|14	5.324919
|6|6|2	5.449813
|6|6|3	4.691065
|6|6|4	5.449813
|6|6|5	4.691065
|6|6|6	4.451811
|6|6|7	5.442590
|6|6|8	5.434244
|6|6|9	5.417069
|6|7|0	5.430479
|6|7|10	8.957950
|6|7|11	8.916147
|6|7|12	8.590950
|6|7|13	7.692730
|6|7|14	7.839339
|6|7|2	9.047774
|6|7|3	9.099543
|6|7|4	6.975811
|6|7|5	9.099336
|6|7|6	8.593423
|6|7|7	9.093697
|6|7|8	9.008450
|6|7|9	8.987567
|6|8|0	-9.000000
|6|8|10	-9.000000
|6|8|11	-9.000000
|6|8|12	-9.000000
|6|8|13	-9.000000
|6|8|14	-9.000000
|6|8|2	-9.000000
|6|8|3	-9.000000
|6|8|4	-9.000000
|6|8|5	-9.000000
|6|8|6	-9.000000
|6|8|7	-9.000000
|6|8|8	-9.000000
|6|8|9	-9.000000
|6|9|0	-9.000000
|6|9|10	-9.000000
|6|9|11	-9.000000
|6|9|12	-9.000000
|6|9|13	-9.000000
|6|9|14	-9.000000
|6|9|2	-9.000000
|6|9|3	-9.000000
|6|9|4	-9.000000
|6|9|5	-9.000000
|6|9|6	-9.000000
|6|9|7	-9.000000
|6|9|8	-9.000000
|6|9|9	-9.000000
|7,10||0	3.488132
|7,10||10	6.040591
|7,10||11	6.237469
|7,10||12	5.912472
|7,10||13	5.549830
|7,10||14	5.474411
|7,10||2	5.879967
|7,10||3	6.012151
|7,10||4	5.458846
|7,10||5	6.011931
|7,10||6	6.008596
|7,10||7	5.697727
|7,10||8	6.320390
|7,10||9	6.296083
|7,11||0	3.466918
|7,11||10	6.247724
|7,11||11	6.012324
|7,11||12	5.897817
|7,11||13	5.513846
|7,11||14	5.467721
|7,11||2	5.868138
|7,11||3	5.990707
|7,11||4	5.452997
|7,11||5	5.990493
|7,11||6	5.987136
|7,11||7	5.686540
|7,11||8	6.306744
|7,11||9	6.283370
|7,12||0	3.089227
|7,12||10	5.808527
|7,12||11	5.761730
|7,12||12	5.381129
|7,12||13	5.000121
|7,12||14	5.069075
|7,12||2	5.439440
|7,12||3	5.542176
|7,12||4	5.055227
|7,12||5	5.541961
|7,12||6	5.538826
|7,12||7	5.250934
|7,12||8	5.867408
|7,12||9	5.844711
|7,13||0	6.277600
|7,13||10	10.934973
|7,13||11	10.897776
|7,13||12	10.605213
|7,13||13	11.160860
|7,13||14	9.741318
|7,13||2	9.864123
|7,13||3	11.164911
|7,13||4	8.633971
|7,13||5	11.163394
|7,13||6	11.159421
|7,13||7	9.889300
|7,13||8	10.981251
|7,13||9	10.961717
|7,14||0	2.705985
|7,14||10	5.156754
|7,14||11	5.111273
|7,14||12	4.760471
|7,14||13	4.326933
|7,14||14	4.778010
|7,14||2	4.835918
|7,14||3	4.825141
|7,14||4	4.515515
|7,14||5	4.824927
|7,14||6	4.822331
|7,14||7	4.721366
|7,14||8	5.210325
|7,14||9	5.188708
|7,7||0	3.283838
|7,7||10	6.859195
|7,7||11	6.829602
|7,7||12	6.606861
|7,7||13	6.528246
|7,7||14	5.005774
|7,7||2	6.128643
|7,7||3	6.733264
|7,7||4	5.596587
|7,7||5	6.733264
|7,7||6	6.731597
|7,7||7	6.135060
|7,7||8	6.879242
|7,7||9	6.873022
|7,8||0	3.524526
|7,8||10	6.305733
|7,8||11	6.269256
|7,8||12	5.942762
|7,8||13	5.598352
|7,8||14	5.497754
|7,8||2	5.905307
|7,8||3	6.047660
|7,8||4	5.479835
|7,8||5	6.047438
|7,8||6	6.044070
|7,8||7	5.722385
|7,8||8	6.085375
|7,8||9	6.333365
|7,9||0	3.507748
|7,9||10	6.291265
|7,9||11	6.255057
|7,9||12	5.929397
|7,9||13	5.579539
|7,9||14	5.486028
|7,9||2	5.893904
|7,9||3	6.033206
|7,9||4	5.470100
|7,9||5	6.032986
|7,9||6	6.029643
|7,9||7	5.711176
|7,9||8	6.335993
|7,9||9	6.066712
|7|0|0	10.320360
|7|0|10	14.540210
|7|0|11	14.485411
|7|0|12	14.043935
|7|0|13	13.331146
|7|0|14	12.699013
|7|0|2	14.294197
|7|0|3	14.643886
|7|0|4	14.293740
|7|0|5	14.643701
|7|0|6	14.641079
|7|0|7	13.799999
|7|0|8	14.621645
|7|0|9	14.586080
|7|10|0	-9.000000
|7|10|10	-9.000000
|7|10|11	-9.000000
|7|10|12	-9.000000
|7|10|13	-9.000000
|7|10|14	-9.000000
|7|10|2	-9.000000
|7|10|3	-9.000000
|7|10|4	-9.000000
|7|10|5	-9.000000
|7|10|6	-9.000000
|7|10|7	-9.000000
|7|10|8	-9.000000
|7|10|9	-9.000000
|7|11|0	-9.000000
|7|11|10	-9.000000
|7|11|11	-9.000000
|7|11|12	-9.000000
|7|11|13	-9.000000
|7|11|14	-9.000000
|7|11|2	-9.000000
|7|11|3	-9.000000
|7|11|4	-9.000000
|7|11|5	-9.000000
|7|11|6	-9.000000
|7|11|7	-9.000000
|7|11|8	-9.000000
|7|11|9	-9.000000
|7|12|0	-9.000000
|7|12|10	-9.000000
|7|12|11	-9.000000
|7|12|12	-9.000000
|7|12|13	-9.000000
|7|12|14	-9.000000
|7|12|2	-9.000000
|7|12|3	-9.000000
|7|12|4	-9.000000
|7|12|5	-9.000000
|7|12|6	-9.000000
|7|12|7	-9.000000
|7|12|8	-9.000000
|7|12|9	-9.000000
|7|13|0	-9.000000
|7|13|10	-9.000000
|7|13|11	-9.000000
|7|13|12	-9.000000
|7|13|13	-9.000000
|7|13|14	-9.000000
|7|13|2	-9.000000
|7|13|3	-9.000000
|7|13|4	-9.000000
|7|13|5	-9.000000
|7|13|6	-9.000000
|7|13|7	-9.000000
|7|13|8	-9.000000
|7|13|9	-9.000000
|7|14|0	-0.931198
|7|14|10	0.930255
|7|14|11	0.897871
|7|14|12	0.562629
|7|14|13	0.540400
|7|14|14	-0.445410
|7|14|2	0.989810
|7|14|3	0.989177
|7|14|4	0.989810
|7|14|5	0.989177
|7|14|6	0.987291
|7|14|7	1.004459
|7|14|8	0.974443
|7|14|9	0.957298
|7|2|0	5.737137
|7|2|10	9.343263
|7|2|11	9.303042
|7|2|12	8.986827
|7|2|13	8.168179
|7|2|14	8.077815
|7|2|2	9.489482
|7|2|3	9.489388
|7|2|4	7.306847
|7|2|5	9.489164
|7|2|6	9.486634
|7|2|7	9.043540
|7|2|8	9.390266
|7|2|9	9.370806
|7|3|0	4.486025
|7|3|10	6.902063
|7|3|11	6.868471
|7|3|12	6.429444
|7|3|13	6.190251
|7|3|14	6.498736
|7|3|2	6.956261
|7|3|3	5.806820
|7|3|4	6.956261
|7|3|5	6.422259
|7|3|6	6.420563
|7|3|7	6.734100
|7|3|8	6.940831
|7|3|9	6.927871
|7|4|0	9.870036
|7|4|10	13.797767
|7|4|11	13.746921
|7|4|12	13.353305
|7|4|13	12.038452
|7|4|14	12.531421
|7|4|2	12.500922
|7|4|3	14.001059
|7|4|4	14.000911
|7|4|5	14.000737
|7|4|6	13.997675
|7|4|7	12.188380
|7|4|8	13.861235
|7|4|9	13.834984
|7|5|0	4.486025
|7|5|10	6.902063
|7|5|11	6.868471
|7|5|12	6.429444
|7|5|13	6.190251
|7|5|14	6.498736
|7|5|2	6.956261
|7|5|3	6.422259
|7|5|4	6.956261
|7|5|5	5.806820
|7|5|6	6.420563
|7|5|7	6.734100
|7|5|8	6.940831
|7|5|9	6.927871
|7|6|0	4.484206
|7|6|10	6.899833
|7|6|11	6.866237
|7|6|12	6.427270
|7|6|13	6.188282
|7|6|14	6.496633
|7|6|2	6.954235
|7|6|3	6.420430
|7|6|4	6.954235
|7|6|5	6.420430
|7|6|6	5.804002
|7|6|7	6.732013
|7|6|8	6.938705
|7|6|9	6.925694
|7|7|0	5.426635
|7|7|10	8.953427
|7|7|11	8.911613
|7|7|12	8.585624
|7|7|13	7.688157
|7|7|14	7.832115
|7|7|2	9.043540
|7|7|3	9.095558
|7|7|4	6.971996
|7|7|5	9.095354
|7|7|6	9.092836
|7|7|7	8.588325
|7|7|8	9.004153
|7|7|9	8.983153
|7|8|0	-9.000000
|7|8|10	-9.000000
|7|8|11	-9.000000
|7|8|12	-9.000000
|7|8|13	-9.000000
|7|8|14	-9.000000
|7|8|2	-9.000000
|7|8|3	-9.000000
|7|8|4	-9.000000
|7|8|5	-9.000000
|7|8|6	-9.000000
|7|8|7	-9.000000
|7|8|8	-9.000000
|7|8|9	-9.000000
|7|9|0	-9.000000
|7|9|10	-9.000000
|7|9|11	-9.000000
|7|9|12	-9.000000
|7|9|13	-9.000000
|7|9|14	-9.000000
|7|9|2	-9.000000
|7|9|3	-9.000000
|7|9|4	-9.000000
|7|9|5	-9.000000
|7|9|6	-9.000000
|7|9|7	-9.000000
|7|9|8	-9.000000
|7|9|9	-9.000000
|8,10||0	4.002316
|8,10||10	6.707092
|8,10||11	6.897396
|8,10||12	6.571697
|8,10||13	6.202870
|8,10||14	5.963275
|8,10||2	6.590475
|8,10||3	6.723060
|8,10||4	5.979905
|8,10||5	6.722833
|8,10||6	6.719171
|8,10||7	6.579189
|8,10||8	6.725269
|8,10||9	6.952666
|8,11||0	3.982789
|8,11||10	6.906861
|8,11||11	6.679365
|8,11||12	6.558115
|8,11||13	6.167753
|8,11||14	5.958293
|8,11||2	6.577980
|8,11||3	6.700658
|8,11||4	5.974187
|8,11||5	6.700434
|8,11||6	6.696753
|8,11||7	6.567007
|8,11||8	6.711160
|8,11||9	6.939903
|8,12||0	3.607682
|8,12||10	6.479978
|8,12||11	6.434709
|8,12||12	6.054791
|8,12||13	5.659195
|8,12||14	5.568982
|8,12||2	6.156819
|8,12||3	6.262752
|8,12||4	5.578933
|8,12||5	6.262531
|8,12||6	6.259076
|8,12||7	6.146877
|8,12||8	6.266099
|8,12||9	6.512591
|8,13||0	7.043360
|8,13||10	11.797147
|8,13||11	11.762955
|8,13||12	11.474741
|8,13||13	12.077717
|8,13||14	10.597800
|8,13||2	10.961620
|8,13||3	12.070748
|8,13||4	9.422995
|8,13||5	12.068609
|8,13||6	12.063581
|8,13||7	10.948187
|8,13||8	12.081355
|8,13||9	11.821680
|8,14||0	3.088690
|8,14||10	5.672556
|8,14||11	5.628636
|8,14||12	5.274673
|8,14||13	4.820971
|8,14||14	5.155283
|8,14||2	5.413112
|8,14||3	5.382613
|8,14||4	4.911028
|8,14||5	5.382372
|8,14||6	5.379377
|8,14||7	5.404520
|8,14||8	5.540848
|8,14||9	5.702839
|8,8||0	4.573247
|8,8||10	8.229171
|8,8||11	8.200124
|8,8||12	7.967024
|8,8||13	7.870302
|8,8||14	6.215179
|8,8||2	7.620711
|8,8||3	8.128307
|8,8||4	6.542951
|8,8||5	8.128307
|8,8||6	8.126460
|8,8||7	7.615984
|8,8||8	8.272228
|8,8||9	8.243093
|8,9||0	4.019850
|8,9||10	6.948412
|8,9||11	6.914607
|8,9||12	6.587331
|8,9||13	6.231068
|8,9||14	5.973452
|8,9||2	6.603976
|8,9||3	6.742428
|8,9||4	5.988571
|8,9||5	6.742201
|8,9||6	6.738513
|8,9||7	6.592395
|8,9||8	6.741017
|8,9||9	6.732756
|8|0|0	10.764242
|8|0|10	15.100335
|8|0|11	15.045151
|8|0|12	14.596358
|8|0|13	13.810391
|8|0|14	13.111151
|8|0|2	14.979561
|8|0|3	15.236965
|8|0|4	14.979018
|8|0|5	15.236774
|8|0|6	15.233787
|8|0|7	14.970184
|8|0|8	14.664060
|8|0|9	15.145961
|8|10|0	-9.000000
|8|10|10	-9.000000
|8|10|11	-9.000000
|8|10|12	-9.000000
|8|10|13	-9.000000
|8|10|14	-9.000000
|8|10|2	-9.000000
|8|10|3	-9.000000
|8|10|4	-9.000000
|8|10|5	-9.000000
|8|10|6	-9.000000
|8|10|7	-9.000000
|8|10|8	-9.000000
|8|10|9	-9.000000
|8|11|0	-9.000000
|8|11|10	-9.000000
|8|11|11	-9.000000
|8|11|12	-9.000000
|8|11|13	-9.000000
|8|11|14	-9.000000
|8|11|2	-9.000000
|8|11|3	-9.000000
|8|11|4	-9.000000
|8|11|5	-9.000000
|8|11|6	-9.000000
|8|11|7	-9.000000
|8|11|8	-9.000000
|8|11|9	-9.000000
|8|12|0	-9.000000
|8|12|10	-9.000000
|8|12|11	-9.000000
|8|12|12	-9.000000
|8|12|13	-9.000000
|8|12|14	-9.000000
|8|12|2	-9.000000
|8|12|3	-9.000000
|8|12|4	-9.000000
|8|12|5	-9.000000
|8|12|6	-9.000000
|8|12|7	-9.000000
|8|12|8	-9.000000
|8|12|9	-9.000000
|8|13|0	-9.000000
|8|13|10	-9.000000
|8|13|11	-9.000000
|8|13|12	-9.000000
|8|13|13	-9.000000
|8|13|14	-9.000000
|8|13|2	-9.000000
|8|13|3	-9.000000
|8|13|4	-9.000000
|8|13|5	-9.000000
|8|13|6	-9.000000
|8|13|7	-9.000000
|8|13|8	-9.000000
|8|13|9	-9.000000
|8|14|0	-0.932240
|8|14|10	0.930558
|8|14|11	0.898951
|8|14|12	0.565147
|8|14|13	0.537182
|8|14|14	-0.444220
|8|14|2	0.991212
|8|14|3	0.990397
|8|14|4	0.991212
|8|14|5	0.990397
|8|14|6	0.988565
|8|14|7	0.983790
|8|14|8	0.998419
|8|14|9	0.957491
|8|2|0	5.721951
|8|2|10	9.327117
|8|2|11	9.287304
|8|2|12	8.970125
|8|2|13	8.154259
|8|2|14	8.059934
|8|2|2	9.475634
|8|2|3	9.475540
|8|2|4	7.292872
|8|2|5	9.475317
|8|2|6	9.472791
|8|2|7	9.386829
|8|2|8	9.023992
|8|2|9	9.354281
|8|3|0	4.481803
|8|3|10	6.897169
|8|3|11	6.863879
|8|3|12	6.425187
|8|3|13	6.185019
|8|3|14	6.495079
|8|3|2	6.952379
|8|3|3	5.803598
|8|3|4	6.952379
|8|3|5	6.417864
|8|3|6	6.416195
|8|3|7	6.944268
|8|3|8	6.723998
|8|3|9	6.922789
|8|4|0	11.527038
|8|4|10	15.703884
|8|4|11	15.653573
|8|4|12	15.253828
|8|4|13	14.049452
|8|4|14	14.084762
|8|4|2	14.651321
|8|4|3	15.913051
|8|4|4	15.912896
|8|4|5	15.912716
|8|4|6	15.909513
|8|4|7	14.644667
|8|4|8	15.302518
|8|4|9	15.739243
|8|5|0	4.481803
|8|5|10	6.897169
|8|5|11	6.863879
|8|5|12	6.425187
|8|5|13	6.185019
|8|5|14	6.495079
|8|5|2	6.952379
|8|5|3	6.417864
|8|5|4	6.952379
|8|5|5	5.803598
|8|5|6	6.416195
|8|5|7	6.944268
|8|5|8	6.723998
|8|5|9	6.922789
|8|6|0	4.480035
|8|6|10	6.895000
|8|6|11	6.861679
|8|6|12	6.423040
|8|6|13	6.183044
|8|6|14	6.492994
|8|6|2	6.950367
|8|6|3	6.416060
|8|6|4	6.950367
|8|6|5	6.416060
|8|6|6	5.800823
|8|6|7	6.942189
|8|6|8	6.721945
|8|6|9	6.920648
|8|7|0	5.702585
|8|7|10	9.295660
|8|7|11	9.256430
|8|7|12	8.940637
|8|7|13	8.143765
|8|7|14	8.033880
|8|7|2	9.386829
|8|7|3	9.447455
|8|7|4	7.268453
|8|7|5	9.447253
|8|7|6	9.444789
|8|7|7	9.440530
|8|7|8	8.994875
|8|7|9	9.323183
|8|8|0	-9.000000
|8|8|10	-9.000000
|8|8|11	-9.000000
|8|8|12	-9.000000
|8|8|13	-9.000000
|8|8|14	-9.000000
|8|8|2	-9.000000
|8|8|3	-9.000000
|8|8|4	-9.000000
|8|8|5	-9.000000
|8|8|6	-9.000000
|8|8|7	-9.000000
|8|8|8	-9.000000
|8|8|9	-9.000000
|8|9|0	-9.000000
|8|9|10	-9.000000
|8|9|11	-9.000000
|8|9|12	-9.000000
|8|9|13	-9.000000
|8|9|14	-9.000000
|8|9|2	-9.000000
|8|9|3	-9.000000
|8|9|4	-9.000000
|8|9|5	-9.000000
|8|9|6	-9.000000
|8|9|7	-9.000000
|8|9|8	-9.000000
|8|9|9	-9.000000
|9,10||0	3.970576
|9,10||10	6.671117
|9,10||11	6.859290
|9,10||12	6.535253
|9,10||13	6.170212
|9,10||14	5.929518
|9,10||2	6.559960
|9,10||3	6.692120
|9,10||4	5.951892
|9,10||5	6.691893
|9,10||6	6.688210
|9,10||7	6.548648
|9,10||8	6.942135
|9,10||9	6.684262
|9,11||0	3.952273
|9,11||10	6.869805
|9,11||11	6.644218
|9,11||12	6.522969
|9,11||13	6.135682
|9,11||14	5.925960
|9,11||2	6.548596
|9,11||3	6.670784
|9,11||4	5.947199
|9,11||5	6.670557
|9,11||6	6.666857
|9,11||7	6.537572
|9,11||8	6.929584
|9,11||9	6.671595
|9,12||0	3.576430
|9,12||10	6.442787
|9,12||11	6.399700
|9,12||12	6.019816
|9,12||13	5.624977
|9,12||14	5.536379
|9,12||2	6.127800
|9,12||3	6.232685
|9,12||4	5.552316
|9,12||5	6.232465
|9,12||6	6.228958
|9,12||7	6.117770
|9,12||8	6.501725
|9,12||9	6.226315
|9,13||0	7.024666
|9,13||10	11.773608
|9,13||11	11.739581
|9,13||12	11.452873
|9,13||13	12.058099
|9,13||14	10.578187
|9,13||2	10.943249
|9,13||3	12.052374
|9,13||4	9.403383
|9,13||5	12.050241
|9,13||6	12.045260
|9,13||7	10.930068
|9,13||8	11.822820
|9,13||9	12.051576
|9,14||0	3.062253
|9,14||10	5.638633
|9,14||11	5.596562
|9,14||12	5.242641
|9,14||13	4.790526
|9,14||14	5.128389
|9,14||2	5.386420
|9,14||3	5.354229
|9,14||4	4.886178
|9,14||5	5.353988
|9,14||6	5.350962
|9,14||7	5.377689
|9,14||8	5.693907
|9,14||9	5.505097
|9,9||0	4.563112
|9,9||10	8.216784
|9,9||11	8.188119
|9,9||12	7.955330
|9,9||13	7.858672
|9,9||14	6.204336
|9,9||2	7.610439
|9,9||3	8.118103
|9,9||4	6.533781
|9,9||5	8.118103
|9,9||6	8.116254
|9,9||7	7.605795
|9,9||8	8.238548
|9,9||9	8.259553
|9|0|0	10.720431
|9|0|10	15.053076
|9|0|11	14.999111
|9|0|12	14.552583
|9|0|13	13.792510
|9|0|14	13.070400
|9|0|2	14.940531
|9|0|3	15.198411
|9|0|4	14.939982
|9|0|5	15.198210
|9|0|6	15.194881
|9|0|7	14.930673
|9|0|8	15.140621
|9|0|9	14.618556
|9|10|0	-9.000000
|9|10|10	-9.000000
|9|10|11	-9.000000
|9|10|12	-9.000000
|9|10|13	-9.000000
|9|10|14	-9.000000
|9|10|2	-9.000000
|9|10|3	-9.000000
|9|10|4	-9.000000
|9|10|5	-9.000000
|9|10|6	-9.000000
|9|10|7	-9.000000
|9|10|8	-9.000000
|9|10|9	-9.000000
|9|11|0	-9.000000
|9|11|10	-9.000000
|9|11|11	-9.000000
|9|11|12	-9.000000
|9|11|13	-9.000000
|9|11|14	-9.000000
|9|11|2	-9.000000
|9|11|3	-9.000000
|9|11|4	-9.000000
|9|11|5	-9.000000
|9|11|6	-9.000000
|9|11|7	-9.000000
|9|11|8	-9.000000
|9|11|9	-9.000000
|9|12|0	-9.000000
|9|12|10	-9.000000
|9|12|11	-9.000000
|9|12|12	-9.000000
|9|12|13	-9.000000
|9|12|14	-9.000000
|9|12|2	-9.000000
|9|12|3	-9.000000
|9|12|4	-9.000000
|9|12|5	-9.000000
|9|12|6	-9.000000
|9|12|7	-9.000000
|9|12|8	-9.000000
|9|12|9	-9.000000
|9|13|0	-9.000000
|9|13|10	-9.000000
|9|13|11	-9.000000
|9|13|12	-9.000000
|9|13|13	-9.000000
|9|13|14	-9.000000
|9|13|2	-9.000000
|9|13|3	-9.000000
|9|13|4	-9.000000
|9|13|5	-9.000000
|9|13|6	-9.000000
|9|13|7	-9.000000
|9|13|8	-9.000000
|9|13|9	-9.000000
|9|14|0	-0.938685
|9|14|10	0.933216
|9|14|11	0.899836
|9|14|12	0.567355
|9|14|13	0.526391
|9|14|14	-0.443117
|9|14|2	0.993425
|9|14|3	0.992597
|9|14|4	0.993425
|9|14|5	0.992597
|9|14|6	0.990896
|9|14|7	0.987280
|9|14|8	0.975367
|9|14|9	0.987188
|9|2|0	5.696863
|9|2|10	9.298339
|9|2|11	9.260488
|9|2|12	8.945204
|9|2|13	8.131685
|9|2|14	8.035647
|9|2|2	9.452413
|9|2|3	9.452318
|9|2|4	7.268563
|9|2|5	9.452093
|9|2|6	9.449422
|9|2|7	9.363970
|9|2|8	9.349081
|9|2|9	8.992833
|9|3|0	4.471408
|9|3|10	6.891463
|9|3|11	6.857626
|9|3|12	6.420997
|9|3|13	6.174530
|9|3|14	6.491341
|9|3|2	6.947334
|9|3|3	5.800288
|9|3|4	6.947334
|9|3|5	6.412624
|9|3|6	6.410986
|9|3|7	6.939749
|9|3|8	6.930898
|9|3|9	6.708734
|9|4|0	11.496579
|9|4|10	15.667761
|9|4|11	15.620126
|9|4|12	15.222090
|9|4|13	14.025498
|9|4|14	14.053774
|9|4|2	14.624243
|9|4|3	15.884835
|9|4|4	15.884675
|9|4|5	15.884490
|9|4|6	15.881121
|9|4|7	14.617592
|9|4|8	15.733331
|9|4|9	15.264585
|9|5|0	4.471408
|9|5|10	6.891463
|9|5|11	6.857626
|9|5|12	6.420997
|9|5|13	6.174530
|9|5|14	6.491341
|9|5|2	6.947334
|9|5|3	6.412624
|9|5|4	6.947334
|9|5|5	5.800288
|9|5|6	6.410986
|9|5|7	6.939749
|9|5|8	6.930898
|9|5|9	6.708734
|9|6|0	4.469708
|9|6|10	6.889336
|9|6|11	6.855482
|9|6|12	6.418859
|9|6|13	6.172558
|9|6|14	6.489354
|9|6|2	6.945358
|9|6|3	6.410844
|9|6|4	6.945358
|9|6|5	6.410844
|9|6|6	5.797576
|9|6|7	6.937745
|9|6|8	6.928879
|9|6|9	6.706657
|9|7|0	5.677326
|9|7|10	9.267132
|9|7|11	9.230061
|9|7|12	8.915974
|9|7|13	8.121147
|9|7|14	8.009842
|9|7|2	9.363970
|9|7|3	9.424294
|9|7|4	7.244049
|9|7|5	9.424098
|9|7|6	9.421646
|9|7|7	9.417423
|9|7|8	9.317825
|9|7|9	8.963998
|9|8|0	-9.000000
|9|8|10	-9.000000
|9|8|11	-9.000000
|9|8|12	-9.000000
|9|8|13	-9.000000
|9|8|14	-9.000000
|9|8|2	-9.000000
|9|8|3	-9.000000
|9|8|4	-9.000000
|9|8|5	-9.000000
|9|8|6	-9.000000
|9|8|7	-9.000000
|9|8|8	-9.000000
|9|8|9	-9.000000
|9|9|0	-9.000000
|9|9|10	-9.000000
|9|9|11	-9.000000
|9|9|12	-9.000000
|9|9|13	-9.000000
|9|9|14	-9.000000
|9|9|2	-9.000000
|9|9|3	-9.000000
|9|9|4	-9.000000
|9|9|5	-9.000000
|9|9|6	-9.000000
|9|9|7	-9.000000
|9|9|8	-9.000000
|9|9|9	-9.000000
||0,0|10	11.259579
||0,0|11	11.202423
||0,0|12	10.745497
||0,0|13	9.986526
||0,0|14	9.722602
||0,0|2	11.396165
||0,0|3	11.449041
||0,0|4	11.396083
||0,0|5	11.449020
||0,0|6	11.446926
||0,0|7	11.377128
||0,0|8	11.355339
||0,0|9	11.309396
||0,10|0	-9.000000
||0,10|10	-8.959037
||0,10|11	-8.958971
||0,10|12	-8.958971
||0,10|13	-9.000000
||0,10|14	-8.958160
||0,10|2	-8.958971
||0,10|3	-8.959037
||0,10|4	-8.958971
||0,10|5	-8.959037
||0,10|6	-8.959037
||0,10|7	-8.958971
||0,10|8	-8.958971
||0,10|9	-8.958971
||0,11|0	-9.000000
||0,11|10	-8.960751
||0,11|11	-8.960840
||0,11|12	-8.960751
||0,11|13	-9.000000
||0,11|14	-8.959797
||0,11|2	-8.960751
||0,11|3	-8.960638
||0,11|4	-8.960607
||0,11|5	-8.960638
||0,11|6	-8.960638
||0,11|7	-8.960751
||0,11|8	-8.960751
||0,11|9	-8.960751
||0,12|0	-9.000000
||0,12|10	-8.958971
||0,12|11	-8.958971
||0,12|12	-8.959037
||0,12|13	-9.000000
||0,12|14	-8.958160
||0,12|2	-8.958971
||0,12|3	-8.959037
||0,12|4	-8.958971
||0,12|5	-8.959037
||0,12|6	-8.959037
||0,12|7	-8.958971
||0,12|8	-8.958971
||0,12|9	-8.958971
||0,13|0	-3.082288
||0,13|10	-2.010584
||0,13|11	-2.036526
||0,13|12	-2.233406
||0,13|13	-1.953511
||0,13|14	-1.935681
||0,13|2	-2.548091
||0,13|3	-2.660793
||0,13|4	-2.421839
||0,13|5	-2.499865
||0,13|6	-2.501559
||0,13|7	-1.954391
||0,13|8	-1.969187
||0,13|9	-1.988295
||0,14|0	4.174788
||0,14|10	6.082864
||0,14|11	6.025402
||0,14|12	5.499207
||0,14|13	5.348853
||0,14|14	6.131506
||0,14|2	6.176215
||0,14|3	6.173558
||0,14|4	6.176215
||0,14|5	6.173560
||0,14|6	6.171561
||0,14|7	6.170010
||0,14|8	6.163183
||0,14|9	6.133172
||0,2|0	11.396165
||0,2|10	15.932421
||0,2|11	15.874691
||0,2|12	15.418507
||0,2|13	14.007560
||0,2|14	14.279723
||0,2|2	16.174043
||0,2|3	16.173983
||0,2|4	16.077752
||0,2|5	16.173856
||0,2|6	16.171633
||0,2|7	16.040934
||0,2|8	16.020437
||0,2|9	15.984594
||0,3|0	6.833592
||0,3|10	10.425606
||0,3|11	10.405085
||0,3|12	9.986744
||0,3|13	9.984130
||0,3|14	8.920014
||0,3|2	10.467067
||0,3|3	10.580858
||0,3|4	10.467067
||0,3|5	10.549775
||0,3|6	10.546866
||0,3|7	10.459718
||0,3|8	10.452196
||0,3|9	10.440762
||0,4|0	11.396083
||0,4|10	15.929195
||0,4|11	15.871055
||0,4|12	15.414156
||0,4|13	14.006809
||0,4|14	14.275616
||0,4|2	16.077752
||0,4|3	16.172094
||0,4|4	16.172034
||0,4|5	16.171970
||0,4|6	16.169691
||0,4|7	16.038359
||0,4|8	16.017734
||0,4|9	15.981670
||0,5|0	6.833592
||0,5|10	10.425600
||0,5|11	10.405080
||0,5|12	9.986739
||0,5|13	9.984129
||0,5|14	8.920010
||0,5|2	10.467065
||0,5|3	10.549775
||0,5|4	10.467065
||0,5|5	10.580855
||0,5|6	10.546861
||0,5|7	10.459711
||0,5|8	10.452189
||0,5|9	10.440755
||0,6|0	6.831374
||0,6|10	10.422536
||0,6|11	10.401763
||0,6|12	9.983757
||0,6|13	9.981239
||0,6|14	8.917449
||0,6|2	10.463840
||0,6|3	10.546866
||0,6|4	10.463840
||0,6|5	10.546861
||0,6|6	10.575872
||0,6|7	10.456679
||0,6|8	10.449115
||0,6|9	10.437589
||0,7|0	11.377128
||0,7|10	15.888360
||0,7|11	15.831095
||0,7|12	15.374250
||0,7|13	13.997226
||0,7|14	14.243493
||0,7|2	16.040934
||0,7|3	16.134653
||0,7|4	16.038359
||0,7|5	16.134530
||0,7|6	16.132330
||0,7|7	16.129515
||0,7|8	15.977504
||0,7|9	15.940451
||0,8|0	-9.000000
||0,8|10	-8.958971
||0,8|11	-8.958971
||0,8|12	-8.958971
||0,8|13	-9.000000
||0,8|14	-8.958160
||0,8|2	-8.958971
||0,8|3	-8.959037
||0,8|4	-8.958971
||0,8|5	-8.959037
||0,8|6	-8.959037
||0,8|7	-8.958971
||0,8|8	-8.959037
||0,8|9	-8.958971
||0,9|0	-9.000000
||0,9|10	-8.958971
||0,9|11	-8.958971
||0,9|12	-8.958971
||0,9|13	-9.000000
||0,9|14	-8.958160
||0,9|2	-8.958971
||0,9|3	-8.959037
||0,9|4	-8.958971
||0,9|5	-8.959037
||0,9|6	-8.959037
||0,9|7	-8.958971
||0,9|8	-8.958971
||0,9|9	-8.959037
||10,10|0	-8.959191
||10,10|10	-8.892929
||10,10|11	-8.894158
||10,10|12	-8.894158
||10,10|13	-8.981789
||10,10|14	-8.890320
||10,10|2	-8.892506
||10,10|3	-8.892609
||10,10|4	-8.892506
||10,10|5	-8.894245
||10,10|6	-8.892731
||10,10|7	-8.892565
||10,10|8	-8.892565
||10,10|9	-8.892565
||10,11|0	-9.000000
||10,11|10	-9.000000
||10,11|11	-9.000000
||10,11|12	-9.000000
||10,11|13	-9.000000
||10,11|14	-9.000000
||10,11|2	-9.000000
||10,11|3	-9.000000
||10,11|4	-9.000000
||10,11|5	-9.000000
||10,11|6	-9.000000
||10,11|7	-9.000000
||10,11|8	-9.000000
||10,11|9	-9.000000
||10,12|0	-9.000000
||10,12|10	-9.000000
||10,12|11	-9.000000
||10,12|12	-9.000000
||10,12|13	-9.000000
||10,12|14	-9.000000
||10,12|2	-9.000000
||10,12|3	-9.000000
||10,12|4	-9.000000
||10,12|5	-9.000000
||10,12|6	-9.000000
||10,12|7	-9.000000
||10,12|8	-9.000000
||10,12|9	-9.000000
||10,13|0	-9.000000
||10,13|10	-8.970540
||10,13|11	-8.970492
||10,13|12	-8.970492
||10,13|13	-9.000000
||10,13|14	-8.969904
||10,13|2	-8.970492
||10,13|3	-8.970540
||10,13|4	-8.970492
||10,13|5	-8.970540
||10,13|6	-8.970540
||10,13|7	-8.970492
||10,13|8	-8.970492
||10,13|9	-8.970492
||10,14|0	-8.958160
||10,14|10	-8.870645
||10,14|11	-8.870454
||10,14|12	-8.870454
||10,14|13	-8.969904
||10,14|14	-8.868251
||10,14|2	-8.870454
||10,14|3	-8.870645
||10,14|4	-8.870454
||10,14|5	-8.870645
||10,14|6	-8.870645
||10,14|7	-8.870454
||10,14|8	-8.870454
||10,14|9	-8.870454
||11,11|0	-8.959037
||11,11|10	-8.873237
||11,11|11	-8.873780
||11,11|12	-8.873237
||11,11|13	-8.970540
||11,11|14	-8.870645
||11,11|2	-8.873237
||11,11|3	-8.873470
||11,11|4	-8.873237
||11,11|5	-8.873470
||11,11|6	-8.873470
||11,11|7	-8.873237
||11,11|8	-8.873237
||11,11|9	-8.873237
||11,12|0	-9.000000
||11,12|10	-9.000000
||11,12|11	-9.000000
||11,12|12	-9.000000
||11,12|13	-9.000000
||11,12|14	-9.000000
||11,12|2	-9.000000
||11,12|3	-9.000000
||11,12|4	-9.000000
||11,12|5	-9.000000
||11,12|6	-9.000000
||11,12|7	-9.000000
||11,12|8	-9.000000
||11,12|9	-9.000000
||11,13|0	-9.000000
||11,13|10	-8.970492
||11,13|11	-8.970540
||11,13|12	-8.970492
||11,13|13	-9.000000
||11,13|14	-8.969904
||11,13|2	-8.970492
||11,13|3	-8.970540
||11,13|4	-8.970492
||11,13|5	-8.970540
||11,13|6	-8.970540
||11,13|7	-8.970492
||11,13|8	-8.970492
||11,13|9	-8.970492
||11,14|0	-8.958160
||11,14|10	-8.870454
||11,14|11	-8.870645
||11,14|12	-8.870454
||11,14|13	-8.969904
||11,14|14	-8.868251
||11,14|2	-8.870454
||11,14|3	-8.870645
||11,14|4	-8.870454
||11,14|5	-8.870645
||11,14|6	-8.870645
||11,14|7	-8.870454
||11,14|8	-8.870454
||11,14|9	-8.870454
||12,12|0	-8.959037
||12,12|10	-8.873237
||12,12|11	-8.873237
||12,12|12	-8.873780
||12,12|13	-8.970540
||12,12|14	-8.870645
||12,12|2	-8.873237
||12,12|3	-8.873470
||12,12|4	-8.873237
||12,12|5	-8.873470
||12,12|6	-8.873470
||12,12|7	-8.873237
||12,12|8	-8.873237
||12,12|9	-8.873237
||12,13|0	-9.000000
||12,13|10	-8.970492
||12,13|11	-8.970492
||12,13|12	-8.970540
||12,13|13	-9.000000
||12,13|14	-8.969904
||12,13|2	-8.970492
||12,13|3	-8.970540
||12,13|4	-8.970492
||12,13|5	-8.970540
||12,13|6	-8.970540
||12,13|7	-8.970492
||12,13|8	-8.970492
||12,13|9	-8.970492
||12,14|0	-8.958160
||12,14|10	-8.870454
||12,14|11	-8.870454
||12,14|12	-8.870645
||12,14|13	-8.969904
||12,14|14	-8.868251
||12,14|2	-8.870454
||12,14|3	-8.870645
||12,14|4	-8.870454
||12,14|5	-8.870645
||12,14|6	-8.870645
||12,14|7	-8.870454
||12,14|8	-8.870454
||12,14|9	-8.870454
||13,13|0	-1.953511
||13,13|10	-0.896613
||13,13|11	-0.927216
||13,13|12	-1.169976
||13,13|14	-0.814241
||13,13|2	-1.414377
||13,13|3	-1.518779
||13,13|4	-1.305621
||13,13|5	-1.379653
||13,13|6	-1.381622
||13,13|7	-0.833932
||13,13|8	-0.850185
||13,13|9	-0.870772
||13,14|0	-9.000000
||13,14|10	-8.969904
||13,14|11	-8.969904
||13,14|12	-8.969904
||13,14|13	-9.000000
||13,14|14	-8.969406
||13,14|2	-8.969904
||13,14|3	-8.969954
||13,14|4	-8.969904
||13,14|5	-8.969954
||13,14|6	-8.969954
||13,14|7	-8.969904
||13,14|8	-8.969904
||13,14|9	-8.969904
||14,14|0	6.131506
||14,14|10	8.191957
||14,14|11	8.165053
||14,14|12	7.592591
||14,14|13	7.142640
||14,14|14	8.183136
||14,14|2	8.257525
||14,14|3	8.255078
||14,14|4	8.257525
||14,14|5	8.255081
||14,14|6	8.252708
||14,14|7	8.250557
||14,14|8	8.244332
||14,14|9	8.228160
||2,10|0	-9.000000
||2,10|10	-9.000000
||2,10|11	-9.000000
||2,10|12	-9.000000
||2,10|13	-9.000000
||2,10|14	-9.000000
||2,10|2	-9.000000
||2,10|3	-9.000000
||2,10|4	-9.000000
||2,10|5	-9.000000
||2,10|6	-9.000000
||2,10|7	-9.000000
||2,10|8	-9.000000
||2,10|9	-9.000000
||2,11|0	-9.000000
||2,11|10	-9.000000
||2,11|11	-9.000000
||2,11|12	-9.000000
||2,11|13	-9.000000
||2,11|14	-9.000000
||2,11|2	-9.000000
||2,11|3	-9.000000
||2,11|4	-9.000000
||2,11|5	-9.000000
||2,11|6	-9.000000
||2,11|7	-9.000000
||2,11|8	-9.000000
||2,11|9	-9.000000
||2,12|0	-9.000000
||2,12|10	-9.000000
||2,12|11	-9.000000
||2,12|12	-9.000000
||2,12|13	-9.000000
||2,12|14	-9.000000
||2,12|2	-9.000000
||2,12|3	-9.000000
||2,12|4	-9.000000
||2,12|5	-9.000000
||2,12|6	-9.000000
||2,12|7	-9.000000
||2,12|8	-9.000000
||2,12|9	-9.000000
||2,13|0	-9.000000
||2,13|10	-8.986388
||2,13|11	-8.986388
||2,13|12	-8.987624
||2,13|13	-9.000000
||2,13|14	-8.986130
||2,13|2	-8.986402
||2,13|3	-8.987474
||2,13|4	-8.986388
||2,13|5	-8.986402
||2,13|6	-8.986402
||2,13|7	-8.986388
||2,13|8	-8.986388
||2,13|9	-8.986388
||2,14|0	-8.958160
||2,14|10	-8.870454
||2,14|11	-8.870454
||2,14|12	-8.870454
||2,14|13	-8.969904
||2,14|14	-8.868251
||2,14|2	-8.870645
||2,14|3	-8.870645
||2,14|4	-8.870454
||2,14|5	-8.870645
||2,14|6	-8.870645
||2,14|7	-8.870454
||2,14|8	-8.870454
||2,14|9	-8.870454
||2,2|0	-8.959037
||2,2|10	-8.873237
||2,2|11	-8.873237
||2,2|12	-8.873237
||2,2|13	-8.970540
||2,2|14	-8.870645
||2,2|2	-8.873780
||2,2|3	-8.873470
||2,2|4	-8.873237
||2,2|5	-8.873470
||2,2|6	-8.873470
||2,2|7	-8.873237
||2,2|8	-8.873237
||2,2|9	-8.873237
||2,3|0	-8.959037
||2,3|10	-8.873237
||2,3|11	-8.873237
||2,3|12	-8.873237
||2,3|13	-8.970540
||2,3|14	-8.870645
||2,3|2	-8.873470
||2,3|3	-8.873780
||2,3|4	-8.873237
||2,3|5	-8.873470
||2,3|6	-8.873470
||2,3|7	-8.873237
||2,3|8	-8.873237
||2,3|9	-8.873237
||2,4|0	16.077752
||2,4|10	20.983662
||2,4|11	20.917441
||2,4|12	20.454689
||2,4|13	18.510644
||2,4|14	19.382554
||2,4|2	21.283926
||2,4|3	21.283805
||2,4|4	21.283675
||2,4|5	21.283533
||2,4|6	21.281360
||2,4|7	21.078322
||2,4|8	21.065662
||2,4|9	21.032067
||2,5|0	-8.959085
||2,5|10	-8.878676
||2,5|11	-8.878676
||2,5|12	-8.878676
||2,5|13	-8.973355
||2,5|14	-8.875668
||2,5|2	-8.878385
||2,5|3	-8.878385
||2,5|4	-8.878675
||2,5|5	-8.878615
||2,5|6	-8.878430
||2,5|7	-8.878310
||2,5|8	-8.878676
||2,5|9	-8.878676
||2,6|0	-8.959037
||2,6|10	-8.873237
||2,6|11	-8.873237
||2,6|12	-8.873237
||2,6|13	-8.970540
||2,6|14	-8.870645
||2,6|2	-8.873470
||2,6|3	-8.873470
||2,6|4	-8.873237
||2,6|5	-8.873470
||2,6|6	-8.873780
||2,6|7	-8.873237
||2,6|8	-8.873237
||2,6|9	-8.873237
||2,7|0	-9.000000
||2,7|10	-9.000000
||2,7|11	-9.000000
||2,7|12	-9.000000
||2,7|13	-9.000000
||2,7|14	-9.000000
||2,7|2	-9.000000
||2,7|3	-9.000000
||2,7|4	-9.000000
||2,7|5	-9.000000
||2,7|6	-9.000000
||2,7|7	-9.000000
||2,7|8	-9.000000
||2,7|9	-9.000000
||2,8|0	-9.000000
||2,8|10	-9.000000
||2,8|11	-9.000000
||2,8|12	-9.000000
||2,8|13	-9.000000
||2,8|14	-9.000000
||2,8|2	-9.000000
||2,8|3	-9.000000
||2,8|4	-9.000000
||2,8|5	-9.000000
||2,8|6	-9.000000
||2,8|7	-9.000000
||2,8|8	-9.000000
||2,8|9	-9.000000
||2,9|0	-9.000000
||2,9|10	-9.000000
||2,9|11	-9.000000
||2,9|12	-9.000000
||2,9|13	-9.000000
||2,9|14	-9.000000
||2,9|2	-9.000000
||2,9|3	-9.000000
||2,9|4	-9.000000
||2,9|5	-9.000000
||2,9|6	-9.000000
||2,9|7	-9.000000
||2,9|8	-9.000000
||2,9|9	-9.000000
||3,10|0	-8.959037
||3,10|10	-8.873470
||3,10|11	-8.873237
||3,10|12	-8.873237
||3,10|13	-8.970540
||3,10|14	-8.870645
||3,10|2	-8.873237
||3,10|3	-8.873780
||3,10|4	-8.873237
||3,10|5	-8.873470
||3,10|6	-8.873470
||3,10|7	-8.873237
||3,10|8	-8.873237
||3,10|9	-8.873237
||3,11|0	-8.959067
||3,11|10	-8.887373
||3,11|11	-8.887668
||3,11|12	-8.887373
||3,11|13	-8.978203
||3,11|14	-8.883872
||3,11|2	-8.886205
||3,11|3	-8.886491
||3,11|4	-8.887251
||3,11|5	-8.886361
||3,11|6	-8.886361
||3,11|7	-8.886218
||3,11|8	-8.886218
||3,11|9	-8.886218
||3,12|0	-8.959037
||3,12|10	-8.873237
||3,12|11	-8.873237
||3,12|12	-8.873470
||3,12|13	-8.970540
||3,12|14	-8.870645
||3,12|2	-8.873237
||3,12|3	-8.873780
||3,12|4	-8.873237
||3,12|5	-8.873470
||3,12|6	-8.873470
||3,12|7	-8.873237
||3,12|8	-8.873237
||3,12|9	-8.873237
||3,13|0	-9.000000
||3,13|10	-8.970540
||3,13|11	-8.970540
||3,13|12	-8.970540
||3,13|13	-9.000000
||3,13|14	-8.969954
||3,13|2	-8.970540
||3,13|3	-8.970669
||3,13|4	-8.970540
||3,13|5	-8.970600
||3,13|6	-8.970600
||3,13|7	-8.970540
||3,13|8	-8.970540
||3,13|9	-8.970540
||3,14|0	-8.958229
||3,14|10	-8.870645
||3,14|11	-8.870645
||3,14|12	-8.870645
||3,14|13	-8.969954
||3,14|14	-8.868451
||3,14|2	-8.870645
||3,14|3	-8.871163
||3,14|4	-8.870645
||3,14|5	-8.870888
||3,14|6	-8.870888
||3,14|7	-8.870645
||3,14|8	-8.870645
||3,14|9	-8.870645
||3,3|0	10.580858
||3,3|10	14.329285
||3,3|11	14.311497
||3,3|12	13.964122
||3,3|13	13.758732
||3,3|14	12.601049
||3,3|2	14.365936
||3,3|3	14.522550
||3,3|4	14.365936
||3,3|5	14.463671
||3,3|6	14.460947
||3,3|7	14.359368
||3,3|8	14.352507
||3,3|9	14.342606
||3,4|0	-8.959037
||3,4|10	-8.873237
||3,4|11	-8.873237
||3,4|12	-8.873237
||3,4|13	-8.970540
||3,4|14	-8.870645
||3,4|2	-8.873237
||3,4|3	-8.873780
||3,4|4	-8.873470
||3,4|5	-8.873470
||3,4|6	-8.873470
||3,4|7	-8.873237
||3,4|8	-8.873237
||3,4|9	-8.873237
||3,5|0	6.205570
||3,5|10	8.304451
||3,5|11	8.264425
||3,5|12	7.702544
||3,5|13	7.213470
||3,5|14	8.318554
||3,5|2	8.369181
||3,5|3	8.359306
||3,5|4	8.369181
||3,5|5	8.359307
||3,5|6	8.362743
||3,5|7	8.362469
||3,5|8	8.356681
||3,5|9	8.342655
||3,6|0	6.203660
||3,6|10	8.301718
||3,6|11	8.261813
||3,6|12	7.700246
||3,6|13	7.211562
||3,6|14	8.316289
||3,6|2	8.366970
||3,6|3	8.357027
||3,6|4	8.366970
||3,6|5	8.362743
||3,6|6	8.355737
||3,6|7	8.360219
||3,6|8	8.354392
||3,6|9	8.340128
||3,7|0	-8.959037
||3,7|10	-8.873237
||3,7|11	-8.873237
||3,7|12	-8.873237
||3,7|13	-8.970540
||3,7|14	-8.870645
||3,7|2	-8.873237
||3,7|3	-8.873780
||3,7|4	-8.873237
||3,7|5	-8.873470
||3,7|6	-8.873470
||3,7|7	-8.873470
||3,7|8	-8.873237
||3,7|9	-8.873237
||3,8|0	-8.959037
||3,8|10	-8.873237
||3,8|11	-8.873237
||3,8|12	-8.873237
||3,8|13	-8.970540
||3,8|14	-8.870645
||3,8|2	-8.873237
||3,8|3	-8.873780
||3,8|4	-8.873237
||3,8|5	-8.873470
||3,8|6	-8.873470
||3,8|7	-8.873237
||3,8|8	-8.873470
||3,8|9	-8.873237
||3,9|0	-8.959037
||3,9|10	-8.873237
||3,9|11	-8.873237
||3,9|12	-8.873237
||3,9|13	-8.970540
||3,9|14	-8.870645
||3,9|2	-8.873237
||3,9|3	-8.873780
||3,9|4	-8.873237
||3,9|5	-8.873470
||3,9|6	-8.873470
||3,9|7	-8.873237
||3,9|8	-8.873237
||3,9|9	-8.873470
||4,10|0	-9.000000
||4,10|10	-9.000000
||4,10|11	-9.000000
||4,10|12	-9.000000
||4,10|13	-9.000000
||4,10|14	-9.000000
||4,10|2	-9.000000
||4,10|3	-9.000000
||4,10|4	-9.000000
||4,10|5	-9.000000
||4,10|6	-9.000000
||4,10|7	-9.000000
||4,10|8	-9.000000
||4,10|9	-9.000000
||4,11|0	-9.000000
||4,11|10	-9.000000
||4,11|11	-9.000000
||4,11|12	-9.000000
||4,11|13	-9.000000
||4,11|14	-9.000000
||4,11|2	-9.000000
||4,11|3	-9.000000
||4,11|4	-9.000000
||4,11|5	-9.000000
||4,11|6	-9.000000
||4,11|7	-9.000000
||4,11|8	-9.000000
||4,11|9	-9.000000
||4,12|0	-9.000000
||4,12|10	-9.000000
||4,12|11	-9.000000
||4,12|12	-9.000000
||4,12|13	-9.000000
||4,12|14	-9.000000
||4,12|2	-9.000000
||4,12|3	-9.000000
||4,12|4	-9.000000
||4,12|5	-9.000000
||4,12|6	-9.000000
||4,12|7	-9.000000
||4,12|8	-9.000000
||4,12|9	-9.000000
||4,13|0	-9.000000
||4,13|10	-8.970492
||4,13|11	-8.970492
||4,13|12	-8.970492
||4,13|13	-9.000000
||4,13|14	-8.969904
||4,13|2	-8.970492
||4,13|3	-8.970540
||4,13|4	-8.970540
||4,13|5	-8.970540
||4,13|6	-8.970540
||4,13|7	-8.970492
||4,13|8	-8.970492
||4,13|9	-8.970492
||4,14|0	-8.958160
||4,14|10	-8.870454
||4,14|11	-8.870454
||4,14|12	-8.870454
||4,14|13	-8.969904
||4,14|14	-8.868251
||4,14|2	-8.870454
||4,14|3	-8.870645
||4,14|4	-8.870645
||4,14|5	-8.870645
||4,14|6	-8.870645
||4,14|7	-8.870454
||4,14|8	-8.870454
||4,14|9	-8.870454
||4,4|0	-8.959037
||4,4|10	-8.873237
||4,4|11	-8.873237
||4,4|12	-8.873237
||4,4|13	-8.970540
||4,4|14	-8.870645
||4,4|2	-8.873237
||4,4|3	-8.873470
||4,4|4	-8.873780
||4,4|5	-8.873470
||4,4|6	-8.873470
||4,4|7	-8.873237
||4,4|8	-8.873237
||4,4|9	-8.873237
||4,5|0	-8.959082
||4,5|10	-8.887309
||4,5|11	-8.887309
||4,5|12	-8.887309
||4,5|13	-8.978147
||4,5|14	-8.883827
||4,5|2	-8.886172
||4,5|3	-8.886273
||4,5|4	-8.887473
||4,5|5	-8.886530
||4,5|6	-8.886336
||4,5|7	-8.886182
||4,5|8	-8.886182
||4,5|9	-8.886182
||4,6|0	-8.959037
||4,6|10	-8.873237
||4,6|11	-8.873237
||4,6|12	-8.873237
||4,6|13	-8.970540
||4,6|14	-8.870645
||4,6|2	-8.873237
||4,6|3	-8.873470
||4,6|4	-8.873470
||4,6|5	-8.873470
||4,6|6	-8.873780
||4,6|7	-8.873237
||4,6|8	-8.873237
||4,6|9	-8.873237
||4,7|0	16.038359
||4,7|10	20.937736
||4,7|11	20.872423
||4,7|12	20.414136
||4,7|13	18.493467
||4,7|14	19.349047
||4,7|2	21.078322
||4,7|3	21.241865
||4,7|4	21.241738
||4,7|5	21.241601
||4,7|6	21.239612
||4,7|7	21.233380
||4,7|8	21.020059
||4,7|9	20.985994
||4,8|0	-9.000000
||4,8|10	-9.000000
||4,8|11	-9.000000
||4,8|12	-9.000000
||4,8|13	-9.000000
||4,8|14	-9.000000
||4,8|2	-9.000000
||4,8|3	-9.000000
||4,8|4	-9.000000
||4,8|5	-9.000000
||4,8|6	-9.000000
||4,8|7	-9.000000
||4,8|8	-9.000000
||4,8|9	-9.000000
||4,9|0	-9.000000
||4,9|10	-9.000000
||4,9|11	-9.000000
||4,9|12	-9.000000
||4,9|13	-9.000000
||4,9|14	-9.000000
||4,9|2	-9.000000
||4,9|3	-9.000000
||4,9|4	-9.000000
||4,9|5	-9.000000
||4,9|6	-9.000000
||4,9|7	-9.000000
||4,9|8	-9.000000
||4,9|9	-9.000000
||5,10|0	-8.959037
||5,10|10	-8.873470
||5,10|11	-8.873237
||5,10|12	-8.873237
||5,10|13	-8.970540
||5,10|14	-8.870645
||5,10|2	-8.873237
||5,10|3	-8.873470
||5,10|4	-8.873237
||5,10|5	-8.873780
||5,10|6	-8.873470
||5,10|7	-8.873237
||5,10|8	-8.873237
||5,10|9	-8.873237
||5,11|0	-8.959082
||5,11|10	-8.879163
||5,11|11	-8.879458
||5,11|12	-8.879163
||5,11|13	-8.973670
||5,11|14	-8.876113
||5,11|2	-8.878676
||5,11|3	-8.878780
||5,11|4	-8.879150
||5,11|5	-8.879021
||5,11|6	-8.878835
||5,11|7	-8.878694
||5,11|8	-8.879163
||5,11|9	-8.879163
||5,12|0	-8.959037
||5,12|10	-8.873237
||5,12|11	-8.873237
||5,12|12	-8.873470
||5,12|13	-8.970540
||5,12|14	-8.870645
||5,12|2	-8.873237
||5,12|3	-8.873470
||5,12|4	-8.873237
||5,12|5	-8.873780
||5,12|6	-8.873470
||5,12|7	-8.873237
||5,12|8	-8.873237
||5,12|9	-8.873237
||5,13|0	-9.000000
||5,13|10	-8.970540
||5,13|11	-8.970540
||5,13|12	-8.970540
||5,13|13	-9.000000
||5,13|14	-8.969954
||5,13|2	-8.970540
||5,13|3	-8.970600
||5,13|4	-8.970540
||5,13|5	-8.970669
||5,13|6	-8.970600
||5,13|7	-8.970540
||5,13|8	-8.970540
||5,13|9	-8.970540
||5,14|0	-8.958229
||5,14|10	-8.870645
||5,14|11	-8.870645
||5,14|12	-8.870645
||5,14|13	-8.969954
||5,14|14	-8.868451
||5,14|2	-8.870645
||5,14|3	-8.870888
||5,14|4	-8.870645
||5,14|5	-8.871163
||5,14|6	-8.870888
||5,14|7	-8.870645
||5,14|8	-8.870645
||5,14|9	-8.870645
||5,5|0	10.580855
||5,5|10	14.329276
||5,5|11	14.311488
||5,5|12	13.964115
||5,5|13	13.758729
||5,5|14	12.601042
||5,5|2	14.365934
||5,5|3	14.463670
||5,5|4	14.365934
||5,5|5	14.522550
||5,5|6	14.460940
||5,5|7	14.359358
||5,5|8	14.352499
||5,5|9	14.342597
||5,6|0	6.203662
||5,6|10	8.301720
||5,6|11	8.261816
||5,6|12	7.700248
||5,6|13	7.211564
||5,6|14	8.316291
||5,6|2	8.366974
||5,6|3	8.362743
||5,6|4	8.366974
||5,6|5	8.357029
||5,6|6	8.355740
||5,6|7	8.360222
||5,6|8	8.354394
||5,6|9	8.340130
||5,7|0	-8.959037
||5,7|10	-8.918461
||5,7|11	-8.918461
||5,7|12	-8.918461
||5,7|13	-8.997063
||5,7|14	-8.916780
||5,7|2	-8.918461
||5,7|3	-8.918466
||5,7|4	-8.918461
||5,7|5	-8.918819
||5,7|6	-8.918622
||5,7|7	-8.918622
||5,7|8	-8.918461
||5,7|9	-8.918461
||5,8|0	-8.959037
||5,8|10	-8.873237
||5,8|11	-8.873237
||5,8|12	-8.873237
||5,8|13	-8.970540
||5,8|14	-8.870645
||5,8|2	-8.873237
||5,8|3	-8.873470
||5,8|4	-8.873237
||5,8|5	-8.873780
||5,8|6	-8.873470
||5,8|7	-8.873237
||5,8|8	-8.873470
||5,8|9	-8.873237
||5,9|0	-8.959037
||5,9|10	-8.873237
||5,9|11	-8.873237
||5,9|12	-8.873237
||5,9|13	-8.970540
||5,9|14	-8.870645
||5,9|2	-8.873237
||5,9|3	-8.873470
||5,9|4	-8.873237
||5,9|5	-8.873780
||5,9|6	-8.873470
||5,9|7	-8.873237
||5,9|8	-8.873237
||5,9|9	-8.873470
||6,10|0	-8.959037
||6,10|10	-8.873470
||6,10|11	-8.873237
||6,10|12	-8.873237
||6,10|13	-8.970540
||6,10|14	-8.870645
||6,10|2	-8.873237
||6,10|3	-8.873470
||6,10|4	-8.873237
||6,10|5	-8.873470
||6,10|6	-8.873780
||6,10|7	-8.873237
||6,10|8	-8.873237
||6,10|9	-8.873237
||6,11|0	-8.959037
||6,11|10	-8.873237
||6,11|11	-8.873470
||6,11|12	-8.873237
||6,11|13	-8.970540
||6,11|14	-8.870645
||6,11|2	-8.873237
||6,11|3	-8.873470
||6,11|4	-8.873237
||6,11|5	-8.873470
||6,11|6	-8.873780
||6,11|7	-8.873237
||6,11|8	-8.873237
||6,11|9	-8.873237
||6,12|0	-8.959082
||6,12|10	-8.874592
||6,12|11	-8.874592
||6,12|12	-8.874851
||6,12|13	-8.971223
||6,12|14	-8.871850
||6,12|2	-8.874508
||6,12|3	-8.874623
||6,12|4	-8.874592
||6,12|5	-8.874851
||6,12|6	-8.875161
||6,12|7	-8.874592
||6,12|8	-8.874592
||6,12|9	-8.874592
||6,13|0	-9.000000
||6,13|10	-8.970540
||6,13|11	-8.970540
||6,13|12	-8.970540
||6,13|13	-9.000000
||6,13|14	-8.969954
||6,13|2	-8.970540
||6,13|3	-8.970600
||6,13|4	-8.970540
||6,13|5	-8.970600
||6,13|6	-8.970669
||6,13|7	-8.970540
||6,13|8	-8.970540
||6,13|9	-8.970540
||6,14|0	-8.958229
||6,14|10	-8.870645
||6,14|11	-8.870645
||6,14|12	-8.870645
||6,14|13	-8.969954
||6,14|14	-8.868451
||6,14|2	-8.870645
||6,14|3	-8.870888
||6,14|4	-8.870645
||6,14|5	-8.870888
||6,14|6	-8.871163
||6,14|7	-8.870645
||6,14|8	-8.870645
||6,14|9	-8.870645
||6,6|0	10.575872
||6,6|10	14.323852
||6,6|11	14.306043
||6,6|12	13.958312
||6,6|13	13.753114
||6,6|14	12.595704
||6,6|2	14.360634
||6,6|3	14.458845
||6,6|4	14.360634
||6,6|5	14.458837
||6,6|6	14.516758
||6,6|7	14.354221
||6,6|8	14.347272
||6,6|9	14.337235
||6,7|0	-8.959037
||6,7|10	-8.873237
||6,7|11	-8.873237
||6,7|12	-8.873237
||6,7|13	-8.970540
||6,7|14	-8.870645
||6,7|2	-8.873237
||6,7|3	-8.873470
||6,7|4	-8.873237
||6,7|5	-8.873470
||6,7|6	-8.873780
||6,7|7	-8.873470
||6,7|8	-8.873237
||6,7|9	-8.873237
||6,8|0	-8.959037
||6,8|10	-8.873237
||6,8|11	-8.873237
||6,8|12	-8.873237
||6,8|13	-8.970540
||6,8|14	-8.870645
||6,8|2	-8.873237
||6,8|3	-8.873470
||6,8|4	-8.873237
||6,8|5	-8.873470
||6,8|6	-8.873780
||6,8|7	-8.873237
||6,8|8	-8.873470
||6,8|9	-8.873237
||6,9|0	-8.959082
||6,9|10	-8.875710
||6,9|11	-8.875710
||6,9|12	-8.875710
||6,9|13	-8.971808
||6,9|14	-8.872891
||6,9|2	-8.875537
||6,9|3	-8.875642
||6,9|4	-8.875714
||6,9|5	-8.875693
||6,9|6	-8.876305
||6,9|7	-8.875710
||6,9|8	-8.875710
||6,9|9	-8.875995
||7,10|0	-9.000000
||7,10|10	-9.000000
||7,10|11	-9.000000
||7,10|12	-9.000000
||7,10|13	-9.000000
||7,10|14	-9.000000
||7,10|2	-9.000000
||7,10|3	-9.000000
||7,10|4	-9.000000
||7,10|5	-9.000000
||7,10|6	-9.000000
||7,10|7	-9.000000
||7,10|8	-9.000000
||7,10|9	-9.000000
||7,11|0	-9.000000
||7,11|10	-9.000000
||7,11|11	-9.000000
||7,11|12	-9.000000
||7,11|13	-9.000000
||7,11|14	-9.000000
||7,11|2	-9.000000
||7,11|3	-9.000000
||7,11|4	-9.000000
||7,11|5	-9.000000
||7,11|6	-9.000000
||7,11|7	-9.000000
||7,11|8	-9.000000
||7,11|9	-9.000000
||7,12|0	-9.000000
||7,12|10	-9.000000
||7,12|11	-9.000000
||7,12|12	-9.000000
||7,12|13	-9.000000
||7,12|14	-9.000000
||7,12|2	-9.000000
||7,12|3	-9.000000
||7,12|4	-9.000000
||7,12|5	-9.000000
||7,12|6	-9.000000
||7,12|7	-9.000000
||7,12|8	-9.000000
||7,12|9	-9.000000
||7,13|0	-9.000000
||7,13|10	-8.970492
||7,13|11	-8.970492
||7,13|12	-8.970492
||7,13|13	-9.000000
||7,13|14	-8.969904
||7,13|2	-8.970492
||7,13|3	-8.970540
||7,13|4	-8.970492
||7,13|5	-8.970540
||7,13|6	-8.970540
||7,13|7	-8.970540
||7,13|8	-8.970492
||7,13|9	-8.970492
||7,14|0	-8.958160
||7,14|10	-8.870454
||7,14|11	-8.870454
||7,14|12	-8.870454
||7,14|13	-8.969904
||7,14|14	-8.868251
||7,14|2	-8.870454
||7,14|3	-8.870645
||7,14|4	-8.870454
||7,14|5	-8.870645
||7,14|6	-8.870645
||7,14|7	-8.870645
||7,14|8	-8.870454
||7,14|9	-8.870454
||7,7|0	-8.959082
||7,7|10	-8.886267
||7,7|11	-8.886267
||7,7|12	-8.886267
||7,7|13	-8.977545
||7,7|14	-8.882828
||7,7|2	-8.885232
||7,7|3	-8.885326
||7,7|4	-8.886182
||7,7|5	-8.885380
||7,7|6	-8.885380
||7,7|7	-8.885574
||7,7|8	-8.885247
||7,7|9	-8.885247
||7,8|0	-9.000000
||7,8|10	-9.000000
||7,8|11	-9.000000
||7,8|12	-9.000000
||7,8|13	-9.000000
||7,8|14	-9.000000
||7,8|2	-9.000000
||7,8|3	-9.000000
||7,8|4	-9.000000
||7,8|5	-9.000000
||7,8|6	-9.000000
||7,8|7	-9.000000
||7,8|8	-9.000000
||7,8|9	-9.000000
||7,9|0	-9.000000
||7,9|10	-9.000000
||7,9|11	-9.000000
||7,9|12	-9.000000
||7,9|13	-9.000000
||7,9|14	-9.000000
||7,9|2	-9.000000
||7,9|3	-9.000000
||7,9|4	-9.000000
||7,9|5	-9.000000
||7,9|6	-9.000000
||7,9|7	-9.000000
||7,9|8	-9.000000
||7,9|9	-9.000000
||8,10|0	-9.000000
||8,10|10	-9.000000
||8,10|11	-9.000000
||8,10|12	-9.000000
||8,10|13	-9.000000
||8,10|14	-9.000000
||8,10|2	-9.000000
||8,10|3	-9.000000
||8,10|4	-9.000000
||8,10|5	-9.000000
||8,10|6	-9.000000
||8,10|7	-9.000000
||8,10|8	-9.000000
||8,10|9	-9.000000
||8,11|0	-9.000000
||8,11|10	-9.000000
||8,11|11	-9.000000
||8,11|12	-9.000000
||8,11|13	-9.000000
||8,11|14	-9.000000
||8,11|2	-9.000000
||8,11|3	-9.000000
||8,11|4	-9.000000
||8,11|5	-9.000000
||8,11|6	-9.000000
||8,11|7	-9.000000
||8,11|8	-9.000000
||8,11|9	-9.000000
||8,12|0	-9.000000
||8,12|10	-9.000000
||8,12|11	-9.000000
||8,12|12	-9.000000
||8,12|13	-9.000000
||8,12|14	-9.000000
||8,12|2	-9.000000
||8,12|3	-9.000000
||8,12|4	-9.000000
||8,12|5	-9.000000
||8,12|6	-9.000000
||8,12|7	-9.000000
||8,12|8	-9.000000
||8,12|9	-9.000000
||8,13|0	-9.000000
||8,13|10	-8.978198
||8,13|11	-8.978198
||8,13|12	-8.978198
||8,13|13	-9.000000
||8,13|14	-8.977091
||8,13|2	-8.977522
||8,13|3	-8.977532
||8,13|4	-8.978128
||8,13|5	-8.977545
||8,13|6	-8.977545
||8,13|7	-8.977528
||8,13|8	-8.977545
||8,13|9	-8.977528
||8,14|0	-8.958160
||8,14|10	-8.870454
||8,14|11	-8.870454
||8,14|12	-8.870454
||8,14|13	-8.969904
||8,14|14	-8.868251
||8,14|2	-8.870454
||8,14|3	-8.870645
||8,14|4	-8.870454
||8,14|5	-8.870645
||8,14|6	-8.870645
||8,14|7	-8.870454
||8,14|8	-8.870645
||8,14|9	-8.870454
||8,8|0	-8.959037
||8,8|10	-8.873237
||8,8|11	-8.873237
||8,8|12	-8.873237
||8,8|13	-8.970540
||8,8|14	-8.870645
||8,8|2	-8.873237
||8,8|3	-8.873470
||8,8|4	-8.873237
||8,8|5	-8.873470
||8,8|6	-8.873470
||8,8|7	-8.873237
||8,8|8	-8.873780
||8,8|9	-8.873237
||8,9|0	-9.000000
||8,9|10	-9.000000
||8,9|11	-9.000000
||8,9|12	-9.000000
||8,9|13	-9.000000
||8,9|14	-9.000000
||8,9|2	-9.000000
||8,9|3	-9.000000
||8,9|4	-9.000000
||8,9|5	-9.000000
||8,9|6	-9.000000
||8,9|7	-9.000000
||8,9|8	-9.000000
||8,9|9	-9.000000
||9,10|0	-9.000000
||9,10|10	-9.000000
||9,10|11	-9.000000
||9,10|12	-9.000000
||9,10|13	-9.000000
||9,10|14	-9.000000
||9,10|2	-9.000000
||9,10|3	-9.000000
||9,10|4	-9.000000
||9,10|5	-9.000000
||9,10|6	-9.000000
||9,10|7	-9.000000
||9,10|8	-9.000000
||9,10|9	-9.000000
||9,11|0	-9.000000
||9,11|10	-9.000000
||9,11|11	-9.000000
||9,11|12	-9.000000
||9,11|13	-9.000000
||9,11|14	-9.000000
||9,11|2	-9.000000
||9,11|3	-9.000000
||9,11|4	-9.000000
||9,11|5	-9.000000
||9,11|6	-9.000000
||9,11|7	-9.000000
||9,11|8	-9.000000
||9,11|9	-9.000000
||9,12|0	-9.000000
||9,12|10	-9.000000
||9,12|11	-9.000000
||9,12|12	-9.000000
||9,12|13	-9.000000
||9,12|14	-9.000000
||9,12|2	-9.000000
||9,12|3	-9.000000
||9,12|4	-9.000000
||9,12|5	-9.000000
||9,12|6	-9.000000
||9,12|7	-9.000000
||9,12|8	-9.000000
||9,12|9	-9.000000
||9,13|0	-9.000000
||9,13|10	-8.970492
||9,13|11	-8.970492
||9,13|12	-8.970492
||9,13|13	-9.000000
||9,13|14	-8.969904
||9,13|2	-8.970492
||9,13|3	-8.970540
||9,13|4	-8.970492
||9,13|5	-8.970540
||9,13|6	-8.970540
||9,13|7	-8.970492
||9,13|8	-8.970492
||9,13|9	-8.970540
||9,14|0	-8.958160
||9,14|10	-8.870454
||9,14|11	-8.870454
||9,14|12	-8.870454
||9,14|13	-8.969904
||9,14|14	-8.868251
||9,14|2	-8.870454
||9,14|3	-8.870645
||9,14|4	-8.870454
||9,14|5	-8.870645
||9,14|6	-8.870645
||9,14|7	-8.870454
||9,14|8	-8.870454
||9,14|9	-8.870645
||9,9|0	-8.959037
||9,9|10	-8.873237
||9,9|11	-8.873237
||9,9|12	-8.873237
||9,9|13	-8.970540
||9,9|14	-8.870645
||9,9|2	-8.873237
||9,9|3	-8.873470
||9,9|4	-8.873237
||9,9|5	-8.873470
||9,9|6	-8.873470
||9,9|7	-8.873237
||9,9|8	-8.873237
||9,9|9	-8.873780
